neuron_x,neuron_y,GDP_per_capita_constant_2015_US_t-2,Trade_percent_of_GDP_t-2,Unemployment_total_percent_of_labor_force_t-2,Agriculture_value_added_percent_of_GDP_t-2,Industry_value_added_percent_of_GDP_t-2,Urban_population_percent_t-2,Inflation_consumer_prices_annual_percent_t-2,Gross_fixed_capital_formation_percent_of_GDP_t-2,Access_to_electricity_percent_of_population_t-2,Internet_users_percent_of_population_t-2,Services_value_added_percent_of_GDP_t-2,Gross_domestic_savings_percent_of_GDP_t-2,Fertility_rate_total_t-2,FDI_net_inflows_percent_of_GDP_t-2,GDP_per_capita_constant_2015_US_t-1,Trade_percent_of_GDP_t-1,Unemployment_total_percent_of_labor_force_t-1,Agriculture_value_added_percent_of_GDP_t-1,Industry_value_added_percent_of_GDP_t-1,Urban_population_percent_t-1,Inflation_consumer_prices_annual_percent_t-1,Gross_fixed_capital_formation_percent_of_GDP_t-1,Access_to_electricity_percent_of_population_t-1,Internet_users_percent_of_population_t-1,Services_value_added_percent_of_GDP_t-1,Gross_domestic_savings_percent_of_GDP_t-1,Fertility_rate_total_t-1,FDI_net_inflows_percent_of_GDP_t-1,GDP_per_capita_constant_2015_US_t0,Trade_percent_of_GDP_t0,Unemployment_total_percent_of_labor_force_t0,Agriculture_value_added_percent_of_GDP_t0,Industry_value_added_percent_of_GDP_t0,Urban_population_percent_t0,Inflation_consumer_prices_annual_percent_t0,Gross_fixed_capital_formation_percent_of_GDP_t0,Access_to_electricity_percent_of_population_t0,Internet_users_percent_of_population_t0,Services_value_added_percent_of_GDP_t0,Gross_domestic_savings_percent_of_GDP_t0,Fertility_rate_total_t0,FDI_net_inflows_percent_of_GDP_t0,hit_count
-2,1,0.611658976299675,-0.15259391089555943,-0.16613534790716974,-0.8486455723090289,-0.14542284881486714,0.7739115072149131,-0.059834765171556274,0.12190653834987189,0.635637392974568,1.5461105410672629,0.8512489979770678,0.33574324005486283,-0.7970470481484547,-0.09331385431428921,0.6214625276184542,-0.13072612365021416,-0.20888688529170468,-0.8350481181394377,-0.13236458220375572,0.7658729512655654,-0.10622178546279035,0.1529107814186529,0.6354283535515693,1.4930788885425594,0.8270381195498222,0.36175956564298734,-0.791317094949589,-0.10617429758515975,0.6074837499930864,-0.1340327154304092,-0.18446891271509022,-0.8284319212908633,-0.1593838560470657,0.7591381325506591,-0.04696325534572881,0.05808594355745876,0.6403880797428575,1.4942530195702644,0.8453631596473706,0.3200551661401151,-0.7833408376424291,-0.08902593862695662,4
5,-2,-0.6365992324674806,0.33740428749800505,-0.6889228942978481,1.612562572404766,-0.13932109239040524,-1.1228384344088913,-0.024313076740026213,-0.2565798020419234,-1.373711090823257,-0.7177875797621622,-1.3100057563980665,-0.4112741703783755,0.5289152085283683,-0.011423379253348645,-0.6376122958123799,0.29962104847936255,-0.695710102010234,1.6442418022475873,-0.16001608782556054,-1.12646580170167,-0.04561493133916003,-0.19736503421230636,-1.3454550859659429,-0.7572255780653708,-1.3207256527727451,-0.44285711566290803,0.5162506116462183,-0.002792482018881632,-0.6395331980955936,0.3112407139009504,-0.6888233114553837,1.5966067994375215,-0.17672004230992452,-1.1287005679634639,-0.03635987813225482,-0.25193871157904957,-1.2483430495245798,-0.7688003947269345,-1.2279999446686036,-0.47847309074008804,0.48555620220262913,0.029493827341023977,21
4,-5,-0.6277421559330107,-0.12427472873943742,0.14668820156752987,0.30612419652297695,0.8131735564392139,-0.6006661693784637,-0.03616383504066922,0.962713436262311,-1.6621335153823584,-0.736371914358977,-0.9011912465774113,0.1642337892669768,1.7470072734108089,0.5313883068120471,-0.6210980634125969,-0.14438612385956642,0.14960872907691383,0.25488157527770466,0.9130959233877772,-0.5938757322834273,-0.044983091419803584,0.9252457102644962,-1.644183252468029,-0.7706989377290218,-0.9308214431057761,0.26028579123068585,1.7638286544029718,0.354463335683865,-0.6178146328013494,-0.14451034049893216,0.1372782968862651,0.2675292193170728,0.7853503951238762,-0.5874698683420214,-0.032501596602062005,1.0628355403929497,-1.5574828441768802,-0.7648755605599313,-0.8143670674299016,0.1548740074640135,1.776830750294204,0.4679044304825988,22
0,3,0.5716499701641435,-0.6337047265694603,0.008483853094365175,-0.7633793527425659,-0.35818591300922814,0.8156857302435931,-0.05378253323268676,-0.16268666321861705,0.6496620932176266,-0.034226730657305034,0.8447543940471669,-0.06421335730641269,-0.8969294807398818,-0.11346561660036819,0.5633673439471952,-0.6443867702537751,0.03582103691232826,-0.7606886539607843,-0.3845653965649691,0.815932000317237,-0.10473994767181939,-0.23964664378940753,0.650606634336536,-0.011094050620184332,0.8719923256845579,-0.0936104246536375,-0.8881787252082133,-0.14302447719687153,0.5654146627218678,-0.6317574304705931,0.06424805891911804,-0.7664911306217119,-0.39458792413837673,0.8159139483347563,-0.050215506107903145,-0.29023323447246074,0.6531667749022247,0.033213731381558,0.8820017800849524,-0.09989792820055819,-0.8761736941094551,-0.09459106565906399,7
7,1,-0.6663692446001287,-0.7415730969660735,-0.48523795537756415,1.216576926272006,-0.2992938547650391,-1.0592014407314128,-0.039779306299122345,-1.2498962358413201,-2.2009802353889087,-0.8480693391291702,-0.7114159169375668,-0.6813529060558029,1.8579530110152596,-0.17627780390594353,-0.6686559777473929,-0.7281367285515397,-0.44760936481891334,1.2298478159948438,-0.3387658362321861,-1.0597871905806848,-0.04658729829625363,-1.2415599854405766,-2.203389446865533,-0.9094945563719555,-0.6827968246690831,-0.7239436255146176,1.8752119082738166,-0.18112520135651491,-0.6718270835664851,-0.7226878378103794,-0.44628651512698303,1.2576867660891586,-0.34989876688745136,-1.060308689558588,-0.029497442865505007,-1.1763688224502942,-2.1310296088211,-0.9448192357266867,-0.6456501733026776,-0.6977756835583633,1.8915801475312455,-0.15048246305099558,21
4,6,-0.18613737454431592,0.03573373845408614,1.4112028262794005,-0.6460625476324277,0.4615102057449802,0.27005678253056403,-0.004377650804325601,-0.03754027867039191,0.37829178085037396,-0.6463291684360746,0.10016475289242749,0.032433779409433316,-0.6995372641206139,-0.05644288050752428,-0.18103711150595497,0.044491388802480186,1.4456555176239478,-0.6253559636712603,0.39909098696323597,0.26401134542909394,-0.03888186252487564,-0.13008440291659193,0.3916269208277698,-0.6540192941750776,0.12433970071953028,-0.013583049757033184,-0.707783744590722,-0.07640335691124311,-0.1670549925271744,0.08694769964083382,1.4028357495180857,-0.6424876637857106,0.3796747240426451,0.2578048818119729,-0.034318827155909164,-0.13616648630680378,0.401696332538844,-0.5905755752927212,0.14027971007411882,0.002686013180874678,-0.7120234571120887,-0.021878134100407908,19
0,4,1.2122827444689623,-0.5939427607769231,-0.09232452906002316,-0.8527437252577041,-0.10232206486059177,0.9825853368984943,-0.05876263405852412,0.17748734369121663,0.6582750375240087,-0.670888271488889,0.7322167435043633,0.25916973845245517,-0.8081035655719305,-0.15975847653466296,1.2078614534063534,-0.5901143132201211,-0.132706885419179,-0.8545967054259592,-0.11364162572405682,0.9773825873422176,-0.11105268870638327,0.12079544459000245,0.6584155632694564,-0.6650476751708215,0.7547210897560254,0.25138923396534285,-0.8041508702870059,-0.1678729719634563,1.2224646415448142,-0.5828886065873083,-0.10277065765899839,-0.8581395090183764,-0.12115434114300465,0.9724745326912317,-0.0542367121302472,0.0770635602334114,0.6597424008027086,-0.5891436552396973,0.768333586548966,0.23832034473228267,-0.7922387135353745,-0.11475352745489255,33
-1,3,1.1136708800034718,-0.5575894153011339,0.08478638096100699,-0.8381233691315724,-0.26335562580722377,0.9493816735879514,-0.05783430980649546,-0.010685305401220065,0.656161278773087,0.2965741653995179,0.8414723994909309,0.19050924508177763,-0.8711575464549531,-0.06754232235762132,1.1120585259266116,-0.565941279838042,0.030178910707833576,-0.829005088438484,-0.2772058585690851,0.9452508492820804,-0.11243288053927498,-0.022476931387902525,0.6567135299305232,0.3633992344429751,0.8533340975009688,0.18384393091545995,-0.8553068780119171,-0.1262825833540116,1.1173792085181733,-0.560096581535165,0.03542915442032359,-0.8293604464773472,-0.2906829476739428,0.9420098347220776,-0.05231549718447811,-0.05509903756882537,0.6585916103365916,0.4723087938904962,0.8614319417512746,0.17434047704532657,-0.836972794449656,-0.08414393705439967,19
-2,2,1.582864249074078,-0.5178488051739829,-0.2754156809239877,-0.9135429952547061,-0.46861714947847477,1.2199921485738623,-0.061984103983301425,-0.033230482259301745,0.6573160669579359,1.7612964296287286,1.2646127493632078,0.1391620422843719,-0.7185111357755913,-0.10401758588137096,1.5774338032837834,-0.5256012669811304,-0.2748410026724074,-0.8973041464839647,-0.49009371492572407,1.2116594896855781,-0.12005888466902448,-0.03653215778001665,0.6574551914913755,1.6676305846502393,1.2699738070804287,0.13628012574641676,-0.7059693488742408,-0.14422364506355503,1.5711729921706026,-0.5262792134749487,-0.2922686498694764,-0.8960975667304717,-0.4893348062290207,1.2034533590002758,-0.054778137981036715,-0.02044989262316558,0.6588860003350346,1.6423776603525395,1.2592563369158987,0.1331212000087342,-0.6971865018535724,-0.09104900587403232,29
5,5,-0.5352572998699083,-0.3305921562955557,0.8258630811712778,0.5772412987282122,-0.24497679598218824,-0.1207327937877456,-0.026405716858727488,0.7031354212321663,0.5246977629700839,-0.29147045516537734,-0.5470383031078586,-0.48233158457550995,-0.6306967930436874,0.025418588393697348,-0.5352330668196116,-0.31776819614475826,0.8245686782703322,0.5709025078233722,-0.23572269017326594,-0.12040278929828985,-0.06131598252901352,0.7305778186570423,0.520358470585242,-0.2964280725298785,-0.5668859617186595,-0.44282859796447915,-0.628360846524949,0.015469584650013864,-0.5292460084188538,-0.3122224124651501,0.8572271044172862,0.5225670488592452,-0.20251461344892915,-0.11923809565034676,-0.03536262881459091,0.693472150304651,0.5471160036705951,-0.2621046464122977,-0.5615759388021625,-0.4217982611623982,-0.6345447858033874,0.05041688476884494,27
-1,4,1.610031429169074,-0.24677232064106147,-0.3210517287862994,-0.8572556686102109,-0.18569634844912775,1.0446673382756673,-0.060987883181653615,-0.04654932304363152,0.6583043483220181,-0.259958981931551,0.7605505975099038,0.3265785992174403,-0.8096419439784067,-0.08016086479304267,1.628076608866314,-0.24068921171475707,-0.36310957933126814,-0.8404626907160808,-0.1906459694699317,1.0415908823539084,-0.11599822950122766,-0.048588906230233514,0.6584480213467137,-0.18295894142524088,0.7571525700547213,0.3400455810443744,-0.8031614925950804,-0.07280089504176376,1.669207132892673,-0.2252375861259294,-0.4008794679348941,-0.8448952279543426,-0.1961224583333911,1.0382244630701467,-0.05448856382449642,-0.029492666377673487,0.6597783758462886,-0.05339845256692599,0.7557508088634932,0.3405045688478906,-0.7843594419953103,-0.00807409721146444,17
-2,-3,0.2618187344711767,-0.11684317143056425,-0.005900491813303914,-0.7701631620064944,2.220442242286865,0.8299330743699286,-0.05231071786597674,-0.5472511786163048,0.5250126818709603,-0.4140749214487992,-0.9828981840646882,1.1486833255538278,0.5671393821771851,-0.14162378634150818,0.2405482637979796,-0.10191301757088733,-0.011843965311504282,-0.7580311121205555,2.2320183259188244,0.8305152686212773,-0.07766292590095508,-0.5171747615244243,0.5235191050674715,-0.38651756774678137,-0.9835278632435439,1.1025648138364257,0.53210728916782,-0.17380029142184483,0.2270543573441405,-0.12014761264155907,-0.014120369571732192,-0.756787412576723,2.218694130465693,0.8264761731751533,-0.04644223188910599,-0.5147881959711021,0.5294470321543182,-0.4057180753665013,-0.9787178558197621,1.1078956662895605,0.4964923569071903,-0.14676659054239,19
9,3,-0.6140187041952712,-0.6363543730866718,-0.45706586472647787,1.4715112750949,-1.2715902990383372,-1.1837187409993408,-0.049116635546812094,-0.6513796861280573,-0.7659583380998851,-0.6836659876416639,0.001018463217736543,-1.248847971951569,1.035278343436538,-0.18824134671963194,-0.6152959229694076,-0.6477611286510631,-0.46630586849478123,1.5136262514392838,-1.285827877390129,-1.1909105328331495,-0.08971805965364273,-0.7146091331424452,-0.7057660454907634,-0.701375483578933,-0.018261112677770308,-1.3093858112405414,1.031994988285959,-0.20631561152610847,-0.617924095499976,-0.6873289107510702,-0.4652997974155329,1.4845649528660956,-1.2386087747789922,-1.1968253369271167,-0.0427682785886671,-0.6584215281449238,-0.649890707937084,-0.7103107266358742,-0.01575794395406374,-1.2424075311217808,1.0307358627569965,-0.17115045088735636,20
6,-2,-0.6584916379267033,-0.44925509454306956,-0.6340027638878014,1.9976884576854188,-0.48272110050660433,-1.3101895899723064,-0.044636631081330466,-0.1516948012232372,-1.7614643419081315,-0.6911092838826535,-1.308170751266159,-0.3814327718493174,1.3540546524305288,-0.09659218906017152,-0.6599242140247435,-0.42880624088876773,-0.5913896716232502,2.026468126228219,-0.4707218111060505,-1.3042299900049965,-0.04742402443745112,-0.035715242983344456,-1.7314849275918798,-0.731138499762531,-1.303790993843339,-0.4077983374512797,1.342307226616633,-0.10460332769468067,-0.6620967755071715,-0.4005080867515808,-0.5899944336456746,1.9842083710458611,-0.4267399819206335,-1.296284749972778,-0.031166580796507675,-0.08187881001437278,-1.6807704599421383,-0.7618393158944539,-1.3280055937611615,-0.361056935331692,1.325807910875245,-0.07905504731190383,16
9,4,-0.5349833055244568,-0.11724234161506873,-0.8211081116616594,0.6938630560721497,-0.8999367472036535,-1.291359734753485,-0.05507027970820375,0.21967159130372474,0.05936031682549022,-0.5273178539835183,0.10242111140557388,-2.0961453008236712,0.6877935265007619,-0.12735955026875137,-0.5368892015253329,-0.1522364453967388,-0.8119706195923839,0.6837866178888458,-0.8949366155527271,-1.30478982380103,-0.10583353460377941,0.20619108471944675,0.10045392057882652,-0.5049828610744401,0.11380027788877733,-2.1336422999175557,0.6781227923022095,-0.1736639741710781,-0.538023019123427,-0.15983107578293004,-0.7911944290138823,0.6965638080616874,-0.8592922833994127,-1.317742357383274,-0.04831187990243925,0.19271266430465556,0.12098679240354455,-0.5524653847425538,0.12239881206149071,-2.132994540263487,0.6677426341384098,-0.1283757933167056,22
7,2,-0.6536739871185941,-0.5574514320105569,-0.43826852710835223,0.5534784714789098,-0.08379561945218973,-0.9341061861412521,-0.038741755228114017,-0.9296688063932159,-1.7433504859910574,-0.7895555777013689,-0.4723160376755815,-0.4003542477901316,1.5069202267672703,-0.1639840108159944,-0.656034079507607,-0.5476310308977154,-0.4167078770590408,0.5504271510226918,-0.055975711829849825,-0.9312706863546759,-0.051756863606364216,-0.8909574348459758,-1.700421639895621,-0.8447189728780591,-0.5180789991215491,-0.457057195120828,1.509650210873027,-0.16844018410358352,-0.6589556101821937,-0.5349550382410637,-0.41373546796672167,0.5396442467678941,-0.015207839704031717,-0.928202549341324,-0.027398198882027044,-0.8413088118868368,-1.6935170747225434,-0.8714526819713018,-0.5356664990918565,-0.40045928883560533,1.506939726704617,-0.1455758819880296,25
4,7,-0.2712100565714163,-0.4104132339792218,2.5183271857294733,-0.6901959048161318,0.033592096494689666,0.1877676677457159,-0.05072622661830391,-0.442362003373657,0.2346672418808531,-0.32170911917152606,0.43134866330115335,-0.22967457629087035,-0.502499989209306,-0.14940754770585316,-0.27412845599630364,-0.3988791823828034,2.585310772374629,-0.6804580799405526,0.029994475826523904,0.18860100293609805,-0.0888300450202947,-0.46954611902912374,0.27121240353853715,-0.34001523006123907,0.43210220093530377,-0.2292761764375454,-0.5122386021003249,-0.13460648762910077,-0.27240831058589715,-0.36400648227964677,2.5823444009731924,-0.6736849552697832,-0.00038672724082835434,0.1891246955703456,-0.045912486907915474,-0.4503901402627063,0.24797293249523192,-0.2904267848740044,0.4367816984638128,-0.2208348227649654,-0.5145323088416084,-0.12775400465461767,14
2,1,-0.3306160173280053,0.31834384149568257,-0.23931860191435894,-0.44194234555904915,-0.5552475371648643,-0.5006046010120491,-0.05516013242121698,-0.3361751288658499,0.3233775877091422,-0.26424968211707395,0.7837937014984369,-0.3246241492477431,-0.3401581377000856,0.11049143187615848,-0.3301753685647667,0.318578492053413,-0.21653373880493157,-0.4378495884544895,-0.5775378369335515,-0.5084823984808614,-0.099642498016325,-0.3413170843234256,0.33947885728209654,-0.22418235412078677,0.8008170010975472,-0.3555993028370095,-0.34900451320883835,0.025728003370714368,-0.327368663518683,0.29729487270053745,-0.2023563768987588,-0.44431829684619406,-0.5829237887719239,-0.5165072243022361,-0.04779168393729701,-0.30518277370173363,0.3725135653890294,-0.21619395836325372,0.7939118813178639,-0.3270567470989566,-0.359998735461213,0.09007982011518054,35
-3,-1,0.7641140308435085,0.5075639378978571,-0.6926898783043911,-0.9211384895446739,1.683411440721859,1.312089903443892,-0.059919486398352734,0.49246635286736534,0.6488075639457977,1.50453692542175,-0.11644834410123314,1.0902832787042736,-0.5604253266121498,-0.08246762016751928,0.7461094682165408,0.5316621807621811,-0.7163727959652261,-0.9079657771433559,1.7095374120508813,1.31283650854611,-0.11591709840309744,0.38627257127591985,0.6494816265645386,1.5139926720885297,-0.14432584374680044,1.0927243915706004,-0.5615095091357054,-0.11562812407763709,0.7371119818595978,0.5005868406628626,-0.7082145980935727,-0.9035058340388165,1.6914930412833988,1.3131891686119295,-0.05252374824911238,0.389018929797678,0.6520020470516791,1.537179950395626,-0.18368527466290613,1.0710366491220156,-0.5809347210401422,-0.08719636341422039,17
8,-1,-0.6590283424887918,-0.6569342488533002,-0.5829987110866723,2.695862924410675,-0.5031010881967988,-1.1492464852401947,6.621680744705662,-1.5865408067921443,-2.3770850965462755,-0.8658722699183731,-1.826154908210287,-1.116409402709447,1.9694158748153783,-0.1716660466963953,-0.6620290941034171,-0.7388556143085744,-0.5832294109495607,2.5924276343987596,-0.5990589480700549,-1.1504041605009536,1.8319126335089069,-1.710325968365205,-2.3961640891350133,-0.937923752223448,-1.6118168677452482,-1.1596990947346923,1.9940084070521986,-0.19796445251038988,-0.6653659487751757,-0.7235072154741544,-0.5818507663897587,2.4680504931263583,-0.41586027831054906,-1.1511867089710286,4.215252104875263,-1.4626421167218564,-2.1740478895879027,-0.9677419214498039,-1.6223529347869488,-0.980713349864971,2.018405672353432,-0.1267420088186534,11
1,-1,-0.17261050268433145,0.35153293649265777,-0.15081133418735257,-0.4943023697966828,0.16543788318548874,-0.21117363890109134,-0.016003892383483497,0.466208373225071,0.5881534623043875,-0.41311848190238226,-0.041881269655532294,0.2223535000003582,-0.8534347314185897,-0.06309257999075553,-0.16505441376676863,0.34685509811189025,-0.16148559782287844,-0.5385518045643912,0.15104374266475074,-0.21933201173493594,-0.0617972645628083,0.44036979908922014,0.5942438729314318,-0.3984072110801023,0.007148239002204061,0.2039472353718732,-0.8510897963594066,-0.10151511246793506,-0.15515600841706073,0.3233858469853011,-0.17793675517828234,-0.5434504108606946,0.10588969655585276,-0.22658114658843076,-0.03474028987055836,0.4740775331218369,0.600326195218015,-0.3549311243754548,0.06350727679549459,0.21115845653267187,-0.8381297200129377,-0.06181209894773336,29
6,5,-0.592115068848835,-0.2826209560820418,1.0375189742948558,0.5387588161443365,-0.278032582999969,-0.15627235004583204,-0.03823895811042799,-0.014665236506874575,0.08137154407230233,-0.5245181038053643,-0.283042634504834,-1.4141833902371506,-0.22727809276390576,-0.10888166943586407,-0.5930508997994988,-0.29544703174043047,1.0283343891868553,0.6111814658152,-0.32493559176761716,-0.15098545023994767,-0.012894169703185614,-0.016839808353686217,0.11169892977171232,-0.574116205824371,-0.31255532066741376,-1.3647216591981646,-0.24802889344366466,-0.10826479867984048,-0.5906358375726164,-0.29940634329169064,1.0840405665955584,0.5976198905914876,-0.294794644527928,-0.14580448997633527,-0.0007018155466863284,0.10448196613642931,0.12701345164286085,-0.5896486329455949,-0.37953852530251775,-1.278033009943657,-0.2694185391613603,-0.04618585145879134,7
2,8,-0.08690913951446287,0.22604041428287958,0.784507006289043,-0.6957496897039417,-0.6700126643560359,0.48326675839758937,-0.05675537569355075,-0.45225230444195114,0.6212987320549931,1.390165676678732,0.9129683833358317,-0.38914156993295057,-0.8785235420624458,0.010991009506804126,-0.07986065654620303,0.2984435839743352,0.7421581884259025,-0.695852539902042,-0.6974220653108967,0.4809683052766642,-0.08258350020262979,-0.5258429635186536,0.6280394287272931,1.3254877398356946,0.9337437526616911,-0.4109018581085906,-0.8765448514152899,-0.04372075704417455,-0.08479366659410711,0.31618242974643546,0.7025980517225288,-0.6936949589155796,-0.7130690659296446,0.47796142394528746,-0.036159403359452606,-0.5852867796368443,0.6362097871817438,1.3353875049616117,0.9397846723549349,-0.47230179043442777,-0.8710998275406864,-0.021475491558349036,21
2,2,-0.417994872010263,-0.3337311631584869,-0.4990259931903722,-0.4383222869231075,-0.26195593704930414,0.13962583115993957,0.03103586847062049,-0.7745834503170376,0.38106093956744613,-0.2050925262560147,0.6712872801903041,-0.7373342670660583,-0.39031468303077355,-0.04919075326094159,-0.4183413153596087,-0.33526852463221357,-0.4829844069839834,-0.4365191792978336,-0.2903968798016409,0.14624159602188538,-0.07386535133959803,-0.7713495254528571,0.40573221895476336,-0.19154554937136903,0.6722400851906505,-0.7891690021217159,-0.40268559383056757,-0.07928664744047022,-0.4186307085706007,-0.3509313709981229,-0.4885579548511128,-0.43646735833799877,-0.291881234829241,0.15223964868025003,-0.03737834440427521,-0.7808594970631151,0.4289204186412193,-0.16287417124777465,0.6748093638172533,-0.7632944988546693,-0.4169786470522821,-0.054253894838757706,13
2,-3,-0.5352550001115177,-0.19700116162083608,-0.6568172594351399,0.24211025627911245,0.9325995278634198,-0.7810184779318491,-0.052492822295449236,1.7107653503804259,0.3912720959778531,-0.15845231274010396,-0.8473350909620583,0.738781525648083,-0.5273155393180821,-0.025111550806802906,-0.5301153456462537,-0.17973828663683275,-0.6682319372973028,0.22460829649783196,0.9985170889617428,-0.7637039305908028,-0.09249158201148294,1.853970648067048,0.4116174284397638,-0.16303851563162888,-0.8411561545442202,0.7810511540978461,-0.5176655400042993,-0.04462754472020215,-0.5256765818633171,-0.17584336691264044,-0.662063558062657,0.2236911051474009,0.9483255705998321,-0.7446333053148749,-0.04490215919614544,1.7787737586197137,0.4456000603926803,-0.15299880131224652,-0.8112053522899344,0.7388728228167182,-0.5033749039667341,-0.040769730680701034,18
-3,0,1.3092135214709477,0.5880808627726811,-0.7699407198309708,-0.9629287598584715,0.9731754128772276,1.1873826021218439,-0.060648177720586505,0.6648481468772343,0.6560920295624338,1.7585127421235034,0.18630643931148694,1.0684415316653069,-0.8547265583759001,-0.11771990437461202,1.295264824315968,0.5851356551321137,-0.7822499531422834,-0.9500233725867729,0.970586098741967,1.180349191117053,-0.11716182173848426,0.6464850091835735,0.6568058776163992,1.6752757582149946,0.1893489715659565,1.0938097825485589,-0.86303095373458,-0.11648105946757673,1.28415586193674,0.5639809235182548,-0.7744834224808523,-0.9475936495850935,0.9612884867398601,1.1735456341267878,-0.05362605380714977,0.6444332678472935,0.6583109320521359,1.6600162604361963,0.1726226183435066,1.04476680266433,-0.8674846689353216,-0.11336486309076614,14
8,0,-0.671028933103865,-0.7980235627792134,-0.6132647210022718,1.9110000571026857,-0.5322223275469866,-1.4753168965053842,0.31027876463442067,-1.3758618166892809,-2.407575300398878,-0.8593638108518904,-0.9771327103005998,-0.9873655971426201,2.0189302421723463,-0.18642627416272106,-0.6740796290297421,-0.8305918454557937,-0.6013779863968239,1.9686604600785673,-0.6349933194596253,-1.4769460232099305,0.16391987046547107,-1.5381922620484818,-2.3879609929002608,-0.9281952472590247,-0.9880781081255877,-1.0518744303320884,2.0490082992515757,-0.2130458179720068,-0.677701173367664,-0.7989844760089297,-0.5969470927158036,1.9503294023229991,-0.6319439731709047,-1.478520338777179,0.1939532536019178,-1.3684213802158574,-2.3735354128112274,-0.9587068999765695,-0.9330126758204201,-1.0494015904832865,2.0807076213600975,-0.17074311758872632,23
1,-4,-0.4470608065326405,-0.11245948988264672,-0.225253827913028,0.1282632509928081,1.2485091158584487,-0.08634833069175234,0.24110979728839793,1.8696922790708612,0.5127696381533108,-0.49040146777108784,-1.0491599572816315,1.0166497007155224,-0.36990141796882603,-0.04430168724423572,-0.45471020733736073,-0.20064798218252092,-0.3953401189249375,0.14681979253397937,1.2056830510944645,-0.0872741790941966,2.5304695015162255,1.713327647344079,0.5268332207687447,-0.3553821247107589,-0.986850858872983,0.9198941100100749,-0.3836191773965137,-0.04504879409542264,-0.464199013497757,-0.1130392390286499,-0.33828066787101413,0.16262790272776062,1.1554015369263695,-0.09139229464245983,0.9737712371879294,1.52896139829974,0.5431288980231456,-0.39145987365494855,-1.0517902327964228,0.9472767707596947,-0.39202161655998474,-0.05369309774134025,6
1,0,-0.28401318176545975,-0.004390074508732849,-0.00010278910845155574,-0.45048633882373157,0.01579434652542834,0.2230764650434627,-0.04970077202368497,0.3785768134366788,0.5674713029815628,0.48710849109490684,0.07759062363473926,0.02354379603285163,-0.7314286378297471,0.006472306110413926,-0.27829808700449304,-0.01565417678642502,-0.05313676130482066,-0.4378448075820255,0.005980150663009047,0.21957922862258286,-0.09502034419425029,0.35079467402810693,0.5758177521936461,0.5010492873503462,0.0814398860024452,0.03903916698169487,-0.720224387784989,-0.02728856022277845,-0.27384736429745254,0.009746673358481277,-0.04772529660203672,-0.4483879669083604,-0.014079037864121244,0.21583498458175188,-0.04314701736947318,0.3068172846505021,0.5920298938187424,0.5663343389885369,0.1367305205864928,0.014351067746976616,-0.7056565565919714,-0.024728448257908816,19
3,-1,-0.5844757407588492,0.4076819697988907,-0.17164309044323214,0.826545649143111,-0.3124256670297591,-1.0674790623812296,-0.03041769011527018,0.24083633040267613,0.16167768515189215,-0.5023749888172621,-0.4280341081857381,-0.5498838278658117,-0.30894727620764006,0.019521890436110103,-0.5841938318078713,0.4173478845016239,-0.14331988820935163,0.7832955687069533,-0.2621328318616728,-1.0809197748307522,-0.06021659827483491,0.3437161497914682,0.18823297932314975,-0.5085418395756572,-0.42295998633459164,-0.5314183371529874,-0.30136701199160143,-0.029720603034579424,-0.584200612944503,0.39526152490744076,-0.16343898697536646,0.730560524405213,-0.23703372116726432,-1.0937269948281645,-0.04032190682388132,0.394786515052567,0.21152455763259795,-0.5001659587839727,-0.4089746288133916,-0.5757614354233036,-0.28880478635922613,0.0241362306552912,19
4,-2,-0.599105822847376,0.7628809176427732,-0.2832142887299066,1.4667277994961498,-0.15894353203733166,-0.8839421675788857,0.08567843267686205,0.04570415927913964,-0.004025524326189272,-0.7526462870464871,-1.3133450745267699,-0.29022299254641887,-0.10499192698818274,0.0317922587917863,-0.6002688153672457,0.7667440222988912,-0.29014043588093474,1.4169630917634954,-0.10892720717309308,-0.8965432758813959,0.024503637615371773,0.020117540007748364,0.04371143594029084,-0.7856838607940926,-1.3394919104993996,-0.28688154529074394,-0.10927990426208001,-0.03320907313364954,-0.6034607830751993,0.8158578949744714,-0.2371685865824123,1.4088907507987118,-0.13420561120711932,-0.9125516745457691,-0.03971072246608333,0.07278844077006323,0.07305624497426072,-0.7952745071758383,-1.286177212305273,-0.4229819724435595,-0.12457052540523912,0.0864264623752422,29
-2,6,1.1428133923315569,3.212870367895799,-0.4942773351862558,-1.03276961405733,-0.4756403489363614,1.6045707570917707,-0.061953538817246315,0.42930193704973313,0.658151611550909,0.28254407572406715,1.4429080257040767,0.9435307490912055,-0.9639469781795587,1.390929525389489,1.1808454436185283,3.259967977203117,-0.5039565634396809,-1.0237435655183806,-0.511865205502548,1.596886393308471,-0.12104659645798545,0.4596977550704748,0.6583459319318464,0.3031766079600902,1.4782403493624587,0.9969205050837894,-0.9697374657676354,1.5935783004814734,1.2142756891738509,3.3029306476853337,-0.5054387494335261,-1.0231633472329429,-0.542527877366949,1.5899969843236934,-0.05581402194027475,0.4165277892739433,0.65969142016728,0.35261047567555326,1.5111597801197754,0.9825891510859328,-0.9598068287705755,1.3108977972805544,10
0,1,-0.2873589749283011,-0.5415914690446376,-0.26942892664721363,-0.5351970321718116,0.08246296092082056,0.7500760784785196,-0.053982515675251246,-0.049991560951197535,0.5816463400406133,0.7780433848289013,0.3559392887902377,-0.019544955540968238,-0.5669395401130749,-0.0730196924191937,-0.28677306200092245,-0.5435582771596311,-0.28655416018366414,-0.5272351438515818,0.08084268915863277,0.7491430190856594,-0.09557186474642401,-0.06690834050845708,0.5914995611221976,0.7783564463267446,0.36031997612134575,-0.02774404588777076,-0.564669336174908,-0.10083330313627238,-0.28934194351565246,-0.5391484487559833,-0.2527572262909253,-0.5166579112193265,0.06285831128232533,0.7471366639269459,-0.04533206088496608,-0.12003174302008134,0.6021113897905455,0.8365833288553451,0.3703622166654149,-0.02811812621551811,-0.5649715579162582,-0.08136523342415102,23
-1,1,-0.04546423017869921,-0.4915138674498527,-0.09646437415172474,-0.6918459207524008,0.062011935258046394,0.9718498009427678,-0.049368654003410145,-0.01375713234685765,0.6374270066496232,1.2898619897113912,0.4289151069005888,0.30471073082207206,-0.7283659475662672,-0.07436248079394674,-0.038839365167544215,-0.4722128788642089,-0.11149051773763993,-0.6825567083092744,0.09959180178823945,0.9682916923445635,-0.05921444489978582,0.022424601309985748,0.6337721730835036,1.2812429057696648,0.39734524197509785,0.3161566725730515,-0.7308047468067085,-0.10219471184518322,-0.04841411187541477,-0.48427673877916355,-0.13236915486761333,-0.6707722726504098,0.09462444053839929,0.9645929163628425,-0.0240275832093924,-0.03562728572880076,0.643772412958761,1.3036832003757535,0.38648748825499596,0.29788756327318483,-0.7302888871663369,-0.07252503739976704,18
3,-4,-0.5288417610686876,0.3962757338808935,-0.023806975457686858,0.14775838057689425,1.1999596935871162,-0.4451455610643083,-0.03838176176313479,1.8695026327977726,-0.5457224489122827,-0.598492898100825,-0.9493907932504659,0.8539276060864254,0.3217965785737384,0.03961632787973858,-0.5252534344453182,0.43517507239207576,-0.03238540620191913,0.20014226974777904,1.3588085240431556,-0.4282697262470466,-0.04480268472488111,2.0058451222121896,-0.5117525832154504,-0.6122351065056854,-1.1583425768219846,0.8865595477324701,0.3238083099618295,0.06264678630825708,-0.5231954190830421,0.43887725886150386,-0.0205872794363497,0.26544384326622883,1.2521591040265452,-0.4110946994490744,-0.030042325422188904,1.7892113453236402,-0.3871081549767689,-0.632332235281522,-1.1125036727100213,0.9068768525548369,0.328268268952123,0.03769773468885648,8
3,0,-0.5192818387011497,0.2803565625507555,-0.3816228915444882,0.007651727240774515,-0.5546148324104228,-0.9848523428002817,-0.05521879620063983,0.7293299279120693,0.3052392206167303,-0.1446699500745398,0.45651897386770596,-0.7587661250582208,-0.02296454151229496,0.01511482517460173,-0.5195577164948388,0.22761084422539865,-0.3778572385672648,-0.022142606970937888,-0.5148942571300086,-0.998652487046098,-0.09575902961759954,0.6077745867426284,0.3197155873470304,-0.13093821297086883,0.4487072545801653,-0.7198415977953162,-0.019031038608039758,-0.03090596332296561,-0.5196485333404223,0.1779061480799746,-0.3802753027095081,-0.027005370517144283,-0.5021106822490912,-1.0122291175455724,-0.04706506729520728,0.7268980728900893,0.3606031110929921,-0.07272786545370853,0.42205466188120494,-0.7172034034769224,-0.008411592844424614,-0.03824104196081657,14
7,6,-0.6125124579482077,0.5505423824118619,1.6459643492760885,-0.3961651811069117,0.06711472123433254,-0.7797710646613002,-0.02859508963600663,0.5208395645269522,-0.6045701769154681,-0.4706712436261966,0.14501221166971334,-2.4097695387967564,0.1636005981554567,-0.06514108639066538,-0.613599436698452,0.5489743080638813,1.5505914609532456,-0.39102012390567153,0.05498403326504828,-0.7624270650963089,-0.06129146034099623,0.31922277547462125,-0.5515830681636458,-0.4652962387971688,0.15410831408247114,-2.4619731483895957,0.1561140840013783,-0.0686383081614814,-0.6130322840400292,0.5598969161153774,1.6727051728000062,-0.3534510826234956,0.047333242142439905,-0.7447385026190146,-0.017904873999141962,0.3900869040527901,-0.608426938914491,-0.47762199973375297,0.09336731857540112,-2.4890174002042915,0.1434349766574484,-0.034902423515303406,15
4,5,-0.41146264672055266,-0.3582392357003307,0.6353571340302425,0.10813992306417522,0.2229844683546384,0.07347625087648642,0.2127758342863026,-0.12610634820714278,0.5646177673809389,-0.6826193146710622,-0.5773326714021265,-0.190632734574337,-0.5712826115784391,-0.14667034329016745,-0.42246792769673663,-0.38357240228778816,0.6659939340825922,0.06574747472913851,0.20202883465267754,0.06960052021042917,0.17531254792289216,-0.1998943891058582,0.5711576285353882,-0.7204651149539903,-0.526756342494053,-0.21525229736028909,-0.5695350676110946,-0.1485377005414189,-0.41985429718773404,-0.37210153138330265,0.6771845956740454,0.02261401630259432,0.17889031323248994,0.06578151610898379,0.030754639792540724,-0.22117131736038623,0.5743856819604443,-0.7046835288522796,-0.47957788341150837,-0.19151942773026806,-0.5715794188042836,-0.11659023442579436,15
-3,3,2.313931228073481,-0.4228530453731907,-0.4269905078061953,-0.9320693438723983,-0.5053823062344011,1.2220411913406808,-0.060851972633697966,0.05596913585134551,0.6583629820291231,1.7393799657450526,1.3718282706709264,0.21204398940480113,-0.7907889739116476,-0.1071057780302889,2.3171194247325717,-0.4184567541055106,-0.4357451734192583,-0.9207176375251763,-0.5146180718643855,1.2166942075174982,-0.1159880199489823,0.01719620521754716,0.6584960372204499,1.6404632437662574,1.3811822386453991,0.22262297899197947,-0.7786933552361875,-0.05464214200691198,2.296497748550614,-0.42023571367276424,-0.43162508013268364,-0.9130958781462652,-0.5047460548453238,1.2121099983175176,-0.05285581074678765,0.008664879953697089,0.6598200615190584,1.6165508972947857,1.3566652360455946,0.2070427230254134,-0.7737302306496123,-0.0839121488212935,20
-2,7,0.5501338704142916,1.751678362256528,-0.3198610401035646,-0.9165827522037849,-0.6482728430472873,0.7750771462072561,-0.059259680150982846,0.21384340026414497,0.6367948926248582,0.8487183335449476,1.1617148073228925,0.3600450339503235,-0.8241129100218445,2.067490023170834,0.5573289392500345,1.6983197093327658,-0.33055158318028127,-0.9095765439443795,-0.6976087589746889,0.7665636598839649,-0.11006969615812837,0.25371683327231165,0.640633660300833,0.8675863253491649,1.2029486776050584,0.38169998566966645,-0.8131778064094446,1.8669211726089432,0.5627036255015202,1.7400478174608576,-0.3292896415109217,-0.908222602302743,-0.7022938352721496,0.7595029783009337,-0.05168988117606873,0.2743047533310427,0.6425693371917977,0.8863632039134036,1.2150702142061371,0.36316563671763946,-0.8095400592831095,1.9193446582513722,10
0,2,0.09937220193166399,-0.7262976930076819,0.09857825279774657,-0.6323810700394871,-0.3637569218899616,1.2198834285862317,-0.03783888560133616,-0.43244163992521484,0.6355276544269847,1.0129907787458703,0.610399202369828,-0.018031991530707673,-0.7343800417469618,-0.0522622662595829,0.10115057588860205,-0.7297122120068742,0.09155188405720396,-0.625306794009348,-0.36564763470305706,1.2172199096628784,-0.07472272915248,-0.45827444188124444,0.6387269622317857,1.0038943119740733,0.6103647674737046,-0.02387577361405055,-0.731493887230795,-0.09656871778710062,0.09513700058189761,-0.7212799513537169,0.10171687336359918,-0.6099260555858681,-0.3833728551567673,1.2145158159497644,-0.037312730568809536,-0.4869779035668371,0.6456445866903301,1.0529202864131058,0.6137608045408173,-0.023097547757337862,-0.73593868372655,-0.04823716894495021,28
0,-3,-0.4559263304078526,-0.23107540591643752,0.004665892315159124,0.13985646534965948,1.1394199430140235,0.24915362813400607,0.4842543343231864,0.5900611018823433,0.6048676064542964,-0.6654194648266977,-1.0373456104638885,0.6601226478897427,-0.542146614018562,-0.12944699542619026,-0.46377133663603837,-0.2667405184605997,-0.020238870780854713,0.14703588772223003,1.0912749743676795,0.24677349550424457,1.7961610789148648,0.38384262682062237,0.6109783529206743,-0.6398334036009418,-1.001824439748893,0.6914811751811981,-0.5825124854139583,-0.11938775040611763,-0.47261086732471186,-0.12951903887811067,0.07833580231410131,0.06422082859973652,1.1294415064481018,0.24205635882879573,0.4298867952371681,0.5359248897940168,0.6022884536494799,-0.6572377603470524,-0.9804840133652033,0.7113326665444782,-0.5892885504757441,-0.05780591142970516,15
-3,4,3.484072568768079,0.863134534004651,-0.6058206493053024,-0.9969416273021224,-0.7561245163547372,1.2450137346564538,-0.06083309822806782,0.11768186250477022,0.658365988899268,1.5639021221548595,1.867109301212169,1.2143978844194694,-0.9829608245925292,-0.043404098329870834,3.48922334100177,0.8949143910669738,-0.609157376334216,-0.9882110644826242,-0.766463514228992,1.2476860938485306,-0.11802596663411773,0.08158319992353033,0.6584990313235234,1.5051024786802145,1.8876562326045556,1.262419386441947,-0.9761400918373677,0.1668154632806127,3.42232924865154,0.8956741383770521,-0.6157981376376905,-0.9835117281488714,-0.769078100615576,1.2502723294694473,-0.05392303736506093,0.062397071750101674,0.6598227615728219,1.4666203569690635,1.8858986839493121,1.1574729598528415,-0.9663059502230128,-0.1627872902863857,16
1,3,-0.18123788615198605,-0.7874680930675082,-0.2953319053255628,-0.5920156110093047,-0.31116848316675383,0.8427924646019753,0.1471938748145209,-1.019153793346621,0.5672441315623503,-0.5149513565114945,1.0664407546505559,-0.36963561733916445,-0.7565967858782392,-0.13334236312540795,-0.1854627135975531,-0.8038167188784785,-0.277929432412442,-0.6014252028569489,-0.3310897335900518,0.8391117517338823,-0.024042480442659452,-1.0873060764400853,0.5745694292228972,-0.5147182131765329,1.0702667579472964,-0.39372748756646986,-0.7503865150112515,-0.14792531247983473,-0.18645929864424451,-0.8392619429705189,-0.2781881421564112,-0.6122914903351768,-0.3093684530538397,0.8350991322903294,-0.02170876152282877,-1.1227996981972308,0.5791740928690828,-0.511215616770625,1.0766132316410988,-0.42497995938869887,-0.7501468981828683,-0.10740819388817792,15
-1,2,0.959135300370625,-0.4790024943290421,0.3118118330629343,-0.8785752497715441,-0.5457864658786138,1.03556208992642,-0.05812826892937241,-0.08943157197142856,0.6537496459836583,1.3346723847384911,1.174299592882557,0.1300432774197798,-0.856648842689863,-0.08163492554835203,0.9604214156656019,-0.4742505080675667,0.30870374822578855,-0.8674283224348408,-0.5486449455194446,1.0280609499096836,-0.10802674434841317,-0.10984066134513594,0.6534848476664397,1.2986914987540277,1.1606427435404039,0.13850706137386623,-0.8524123233696482,-0.13091169291400512,0.9460144320108531,-0.477367264707965,0.2897659396321249,-0.862581520626225,-0.5524566910445681,1.0212210442120444,-0.04913978119512199,-0.12448545331510939,0.6564421856857603,1.3328153803024467,1.155435691413634,0.12850966239411854,-0.8473854876978774,-0.08165369078481301,23
-1,-3,-0.36497310057896876,-0.3551534455562339,0.5543776453582648,-0.500110434482259,1.8198020184802388,0.8382594055172745,0.12547340388504963,-0.24326469637177925,0.5420148926630582,-0.6394079418057056,-1.0147776389116814,0.9634729187612239,0.053647563796698404,-0.15169768343070608,-0.3743676861241981,-0.36456810109917015,0.5043043581460074,-0.49149347737378746,1.8132385415790975,0.8395062548833992,1.4619448250121923,-0.2248669730453956,0.540380653742579,-0.6232457199911371,-0.9825824633179092,0.9312479049041033,0.04065451631171182,-0.14886471831957332,-0.37845303538106567,-0.36366922583241507,0.4977388761106503,-0.5136769919980202,1.80436056252026,0.83959356895567,0.4161043873725837,-0.18262465629693986,0.5495811384404196,-0.6539834628889302,-0.9974169344760322,0.9729132060313116,0.03163701232185891,-0.122534595007167,10
8,4,-0.6107971201616157,0.004723932194559231,0.06558360615422192,0.800359243100034,-0.5683641550405926,-0.7180427906181143,-0.04982058698316066,-0.27685329704579204,-0.27411747081486615,-0.5390414992563399,-0.09091647498568171,-2.279485209416764,0.4773341655911086,-0.1323661410746779,-0.6134038473301872,-0.05927807215555922,0.15513290886416653,0.6379694716511419,-0.604103688000155,-0.7165901615176958,-0.07104348757825497,-0.2905812472433896,-0.2217111947481026,-0.5510717332817017,0.08079053936594624,-2.344080190487845,0.47401550760872124,-0.16654279262579488,-0.6151171997736816,-0.0495230093492719,0.22104638051996114,0.7036403674513237,-0.6169896873563623,-0.7169903180369794,-0.04432368677455247,-0.39767101291386947,-0.23096824097281948,-0.5969555419285582,0.06527615204104528,-2.503511625750273,0.4683127063676868,-0.13837173792230323,5
1,4,0.7161774332846048,-0.6731339983858747,0.4221256181015252,-0.7715167866521153,-0.2906092664514535,0.8481968304790435,-0.05447242080969818,-0.10480405850886236,0.6481234835002903,-0.7257816183939054,0.8903303974882246,-0.03310960732607851,-0.854806356912329,-0.15641318699867568,0.7127304195432842,-0.6631938865137708,0.3963541845039698,-0.7570722857440207,-0.31462499537362415,0.8428834851985998,-0.0975131826254321,-0.15861527292439387,0.6491418501910521,-0.7485727286956192,0.8755999817655312,-0.040485702567700246,-0.8481709044810113,-0.16389007349939333,0.7284720763778625,-0.6544053239572193,0.40432905464623203,-0.7645700253520226,-0.31732882949878816,0.8384761486281317,-0.05075196593057181,-0.18152750057054828,0.6502803427114305,-0.7192094176513256,0.8799493034686148,-0.01701243133249558,-0.8365401248324957,-0.11922772584224346,30
-4,5,4.4022860549976945,3.944594192583627,-0.530218159807037,-1.0563645392067553,-0.9366120874848636,1.3444829820527366,-0.06150134060346382,-0.09202506640985865,0.6583659746427892,1.4989627530219611,1.829787360880779,1.5210875603103828,-0.965004404264375,0.520707749226468,4.442676064056641,3.9855164403602057,-0.5290480351832157,-1.0473229202899306,-0.9525710428635547,1.3491482050848744,-0.11800320562812994,-0.1898957494004242,0.658499021960698,1.485670562949544,1.844466888366384,1.5872826163515459,-0.95864689671741,1.1916695127228545,4.444493359430919,4.024249422722573,-0.522357545122865,-1.0413318256963695,-0.9535082498725881,1.3532783163978237,-0.05356622783314711,-0.27289464708762495,0.6598227617546867,1.4634859549177808,1.8445516066236558,1.537157599259341,-0.9545586916785138,-0.7218194531588207,13
2,-5,-0.44397639236951514,0.6342922643600997,1.0458282642223617,-0.3794674830897131,2.3057568103257244,-0.22067734959058777,-0.040094924206515926,2.1421644086149283,-1.0071658553767984,-0.6919837981055542,-1.527286470998819,1.728547184489164,0.8918909400917522,0.0995420292595913,-0.44560654258689103,0.6303937788955746,1.1115063181659175,-0.4061962655320004,2.311060528056423,-0.200380628653666,-0.06137657700947046,2.355744280816419,-0.9933768748641568,-0.7281258943220549,-1.5015401525884275,1.749220100678352,0.8988164536205262,0.21300083229319156,-0.44569168239038776,0.5461400190874139,1.1237891609598538,-0.44945751122320377,2.42556558552968,-0.17810968833128515,-0.0360433235814106,1.9697966647990286,-0.9576676000618002,-0.731370810665388,-1.5923442674506871,1.7164409818790392,0.9042181215618247,0.0882055165250122,13
2,6,-0.3989575170106122,0.3740470839621333,1.2217155341993597,-0.6119719100468503,-0.3462540111796454,0.8364735619217616,-0.054716251944542264,0.06702942480695903,0.6056540970925475,0.05699350629042649,0.5727682812148189,-0.8460087976024857,0.0022808271558906416,-0.0006365764090203506,-0.3999202263742961,0.3510104867323338,1.2255457654568311,-0.6104009323740862,-0.35922326983468794,0.8423673883492842,-0.10171920777014304,0.09454618479866106,0.6079104425882627,0.09261585290440356,0.592318042116232,-0.8821820579574456,-0.007884612552106615,0.001659567637203281,-0.3962990854371385,0.32784144679806265,1.181833930765696,-0.6026969635022696,-0.3496737067820833,0.8469807625252762,-0.0480327988661153,0.05416599982114803,0.6162912787342096,0.13429678823687172,0.5561199685042625,-0.7707544862697887,-0.012966932736981882,0.015043068301673417,18
8,3,-0.6197039467526895,-0.483095474443726,-0.09866195158785945,1.0800080000877674,-0.8897365196437376,-0.9569395028784885,-0.04236272333249585,-0.6316420065957103,-0.9713002978332761,-0.6657817225680353,-0.11543986770597739,-1.117605831011919,0.9605678076767559,-0.09185439990374679,-0.6216672946406563,-0.514406254748111,-0.0493694186673143,1.0733126682167233,-0.9020316412502536,-0.9543620041967993,-0.052705981436224895,-0.784390514679006,-0.9376154721195663,-0.6879965123856997,-0.07798933231722513,-1.1842918017519493,0.958989719273351,-0.11731805871414844,-0.6239105879152659,-0.5024010476504202,-0.05213619963100733,1.044574315883139,-0.8618138317171156,-0.9508846232403266,-0.029617210632935063,-0.7598417874174997,-0.8770317425239222,-0.6952197082332663,-0.05928473611995378,-1.2169873044465638,0.9577538377207265,-0.07851011011776908,5
9,2,-0.649783428265718,-0.7648754255599338,0.5814646754124508,1.5318188163266897,-1.0580841774418992,-1.1605292919357748,-0.022444271674850087,-0.7011791103733006,-1.6597607202598956,-0.7026404725440927,-0.42171766436075414,-0.7473286872535843,1.1067828314708186,-0.10401022893270419,-0.6512806426226533,-0.7701474474216744,0.6434096332960865,1.5260054303470723,-1.0763323345157854,-1.148681547742359,-0.002850101653143523,-0.7198116586096527,-1.614752190457205,-0.7524901271049623,-0.38663494998222925,-0.7307829714634606,1.1015414473351293,-0.13976171733393944,-0.6537210971021955,-0.7692541263722841,0.6255865281928894,1.5311304222753666,-1.0351435897839745,-1.1346940363679077,-0.013461920124949251,-0.5739656743331261,-1.5500295257043897,-0.7424879988521887,-0.337354053675202,-0.7054340761332096,1.0964076435575998,-0.09343691746255248,24
-1,8,0.33026593170470764,1.6432073284011501,0.0888780682227355,-0.8932986066861184,-0.970890416141578,-0.3584859720880559,-0.05812726415746237,1.1089775699181896,0.6251954293935087,1.0885134598991546,1.429555437352201,0.05059087756161259,-0.7123797619536107,0.4024709201177895,0.3340582113231872,1.6336021581877838,0.060230637807337194,-0.8904726785818806,-0.9924253461388793,-0.3714359765125423,-0.10496945309978507,0.9904863923067183,0.635794417802929,1.085637688579583,1.4432442174454603,0.1653345972434146,-0.6959171349350606,0.2716057390250895,0.32528366450398644,1.5928897950843444,0.03233506397233291,-0.8796650085287805,-0.9955888144685716,-0.38363442155391064,-0.05179309916651849,1.0758051780676057,0.6415665880343039,1.0539922942397162,1.4335172219729706,0.08617090215196659,-0.6994240074610864,0.3569293353359538,35
5,-1,-0.6481781006702989,-0.29550665933459,-0.8234118153445403,1.5972073417633972,-0.8102936471668769,-1.1443107270468227,-0.044390305644599184,-0.5274316270969716,-1.7861972794110748,-0.6684886419046708,-0.674991381776638,-0.6240729285662302,0.9635981981234206,0.0611843916392308,-0.64936694011225,-0.296774617851158,-0.8240868111335351,1.6233658654460958,-0.7906070778384889,-1.1397917910932887,-0.05712865290898306,-0.49673712977447876,-1.7797507577179772,-0.7144048881021019,-0.687223218255669,-0.6681412588279801,0.9486488137576256,0.023267438623205617,-0.6514612862761517,-0.2850953996935147,-0.8263415010567621,1.6335902882901092,-0.7753817984734169,-1.1343322597314829,-0.039932020588923374,-0.43006000874862277,-1.67823714544564,-0.7106199630201079,-0.672447430324988,-0.6069258226783619,0.9329383537596408,0.022840157826766568,22
3,3,-0.47177037750450473,-0.43781630642699815,-0.43944819999231505,-0.18212913799777636,0.2792311622464098,0.22534702716067365,0.03971706926206021,-0.39396101940230493,0.18371139548257745,-0.6700089768736394,-0.13155490688732024,-0.052146028227047156,-0.05574611527804094,-0.11186191606011077,-0.47225522413774246,-0.4691813904154824,-0.4207427225907033,-0.18818816634102595,0.24928729200028135,0.2340931498385464,6.88238262942271e-05,-0.4356058742359768,0.1951173978433645,-0.7069628178515431,-0.09118685788065045,-0.09105768302467615,-0.0666600600745018,-0.13386941240175732,-0.4696524456666741,-0.46165495935133394,-0.4246790303865068,-0.2176907782057326,0.29113009312640215,0.24390112150000973,-0.020109156109291836,-0.3355591703644385,0.23495961916377767,-0.6986651296882412,-0.09505451202345788,-0.047816957098153395,-0.0790597385205948,-0.1019524429933948,19
3,4,-0.35566445626402077,-0.5737382636187403,0.1667151227158834,-0.3601084259093254,0.3143101163840851,0.656825623604175,0.09066373050579538,-0.32337289730444196,0.5036809470166572,-0.6840377905098436,-0.06224152046547935,0.13726122771340057,-0.5079074039696583,-0.13863275676601539,-0.3528403129062657,-0.5847616270084698,0.18705841451908736,-0.37833171937690113,0.26626284659060545,0.6571078646320877,0.0702852809922373,-0.3071510132260945,0.5079901210636847,-0.7128789735091995,-0.022648989857467345,0.11796025232913436,-0.515284506946856,-0.1427479001206676,-0.3452387341960929,-0.5914875313586236,0.21499026510782174,-0.3923534122569261,0.2689832423680758,0.6580130563037484,-0.014195594016225135,-0.289613035568106,0.5186263942928567,-0.6980449524839918,-0.02682294905492781,0.13369147961966982,-0.5214851942316145,-0.09705842686733643,18
2,7,-0.3616365702932505,0.20751433225806995,1.5905292410793566,-0.486175966233633,-0.5006669096591646,0.3347239672459099,-0.05958263355270049,-0.18535210534518026,0.6182518907577409,0.9866105632172345,0.5191584419172304,-0.647716350816848,-0.6879735112279448,0.05456188568018128,-0.3571925474936239,0.2707797465209544,1.504218608260516,-0.4986212860812987,-0.5022366913238756,0.33212169865914604,-0.10624819146208689,-0.20717360954100936,0.6237910083352155,0.9536849530987783,0.520159543799564,-0.6130321267922095,-0.6870594442193886,0.04350372853659179,-0.357744347544727,0.27227882493060895,1.4316775879012877,-0.48858069491408107,-0.5070259514554126,0.3296985854842252,-0.050164318358200025,-0.2015918378530277,0.6257107386130115,1.016957505576499,0.5260197011961569,-0.5768898033348534,-0.6732712272725796,0.039682421024811725,32
-2,-2,0.5812100191928065,0.35350979547314754,0.15909343240521795,-0.902064505236109,1.9200362419131025,1.1458073839457497,-0.05773370983421623,-0.6596239859851595,0.5897884270885195,0.5189168191823325,-0.387730648676457,0.8462961519672589,-0.5089387379183224,-0.08636649737098183,0.5728003525599089,0.44604973456076086,0.1503784308493951,-0.9022168554003395,2.1433139325233044,1.141217304889781,-0.10540647562332733,-0.6592304720428009,0.589092800554081,0.5582903643752368,-0.6000008196993023,0.9025343565303688,-0.5204924789745314,-0.11412909757970108,0.566833676242056,0.39327203550229,0.10059831436030657,-0.8988472399574062,2.1219507515954903,1.135533023663816,-0.050112280316167046,-0.6910072235811636,0.5978198037688613,0.5895696667466217,-0.629692329700561,0.8842755139855079,-0.5329065356323252,-0.08900173897218475,14
5,-4,-0.6336117303475707,-0.29150131963205284,-0.3073353653498747,0.8862978524637147,0.30084057061349206,-0.9219051906526238,-0.041024041603206496,1.6901711214608537,-1.6755845098875393,-0.762798101565879,-0.8966321090337491,-0.20320777142489513,1.3643761300791817,0.007228277599252984,-0.6344963274749943,-0.3122129441798043,-0.31236226684073315,0.9231433264459423,0.33664055193558096,-0.920575903638861,-0.04594971603802708,1.1711524680342051,-1.6380325168998355,-0.788818484960293,-0.9606785312203274,-0.243562178654415,1.3664494604987236,-0.046520054258819776,-0.6356509130161653,-0.28833365886241674,-0.3038959176908357,0.9532335635642781,0.34499446806111034,-0.9180125373721353,-0.035476799335728906,1.740220470812873,-1.6070440899755383,-0.8135872185576121,-0.9754262156037573,-0.03266015791536458,1.3655330350027073,0.01420361376585602,18
5,0,-0.6424108686974012,-0.5830272227148129,-0.8176385344260553,0.9753503250592761,-0.6263267333287665,-1.064714397395778,-0.05124142775661506,-0.20450382964356126,-1.5238430377248546,-0.6466703120863891,-0.24485629015345606,-0.33114619810558743,0.8316886014204264,-0.11544628766124662,-0.6441948359424764,-0.5567500813704772,-0.7977750617872218,0.9717321320361935,-0.6116436752542966,-1.063388958523734,-0.08382608221046044,-0.12235114527491552,-1.4852062652854467,-0.6846474058718814,-0.2465041369207897,-0.35431623173173526,0.8175237101607065,-0.11715371457367756,-0.6468507338063958,-0.5664129805966871,-0.784582968760421,0.952579536902276,-0.6607816598646291,-1.0625815712888997,-0.044793630363628295,-0.08276687561692118,-1.3941114422408623,-0.6847111879435788,-0.15686420267816964,-0.3238312943758326,0.8040746431416255,-0.09130391739581323,25
7,-2,-0.6790978191220476,-0.7061041041692552,-0.8808174467805722,2.503955549563594,-0.9674518388206449,-1.574452018916072,-0.04220298439141847,0.21355040313458928,-2.168444008300363,-0.811562439095273,-1.3431104228621074,-0.6409246815149848,2.0828766359086752,-0.11801817457753284,-0.6804918579366007,-0.6744700897602864,-0.8814066314349656,2.4831450991108386,-0.9720848654823111,-1.5790646296036652,-0.0451559252037457,0.44462582952756347,-2.139535896784338,-0.8499332121664772,-1.3423504070073577,-0.6709290075769869,2.0889972350557877,-0.10450203941674555,-0.6827732719827924,-0.648344540121761,-0.8766100285978755,2.5260477910083914,-0.9585125891984326,-1.5825341660483196,-0.03642743892883594,0.5039618066366943,-2.124373717912352,-0.8812395328824476,-1.3350319408056601,-0.6603200635898535,2.0921207313558,-0.05148618994783333,25
6,-1,-0.666744341986689,-0.6244171646322716,-0.8249987691937349,1.9219400867549805,-0.9958161917870472,-1.332612337209265,-0.047416933341088846,-0.32136060185119103,-2.210323022939063,-0.7923315085621259,-0.7914741953614978,-0.8804879500663181,1.6608816138944233,-0.13819211417041094,-0.6683128060873085,-0.6112362411634172,-0.8396457117763809,1.9670094160535692,-0.9731154006152323,-1.3313192666790803,-0.07456510689427451,-0.291629846729942,-2.2028064186668472,-0.8475352225179527,-0.8259092215584359,-0.8739594554726421,1.662791473708988,-0.13585086464085147,-0.670465536929146,-0.619276238208275,-0.8378184596331653,1.9452087428020932,-0.942779461483752,-1.3293758054347606,-0.04053272059648094,-0.29179257868737907,-2.1783600396269907,-0.8704480649729216,-0.7957722890614116,-0.8089699269596397,1.6618904514890502,-0.11089508028367381,19
0,6,0.41541501728361263,0.9017243817595918,-0.3252933795919376,-0.7790211054409342,-0.7626239135433374,0.5755027126555231,-0.058831634530010044,-0.017828128877168403,0.5098061525934418,-0.4468396313256942,1.4891404383769966,0.21047661314669472,-0.5719583596562398,0.035538937592909874,0.4175344423532972,0.9106121886500913,-0.3040576262376421,-0.7883842720340691,-0.7906592193795747,0.569537360353269,-0.0934987261658975,0.03655704611313491,0.5260512519424049,-0.44741842043116575,1.498742501121378,0.22025782775066144,-0.5760687087172498,0.004319286942764068,0.42008236399766224,0.8655120736530443,-0.3232948289762087,-0.7930738056087847,-0.7913663217805748,0.5629304476597065,-0.05013794635442434,0.05118201727399516,0.5221573617100819,-0.400836605027487,1.4817452874186063,0.19174300825083418,-0.5727624816929168,0.06842434434356395,24
-2,5,1.480980276093251,1.1126593947439096,-0.442697678486743,-0.9403696342670749,-0.5579184544701574,1.3194079512638075,-0.060993537345824314,-0.10706195851156208,0.6581340358926965,-0.14544112743544818,1.369494481521314,0.8092730803485461,-0.8677360401857972,0.18683410142987372,1.510324748671103,1.102642814701668,-0.4754964377938011,-0.9361876950049769,-0.5758014303583465,1.31877742801447,-0.11530205910503795,-0.02934568601763329,0.6583249468494341,-0.11556015471642564,1.3754449124186605,0.8574834223725109,-0.8666204912821313,0.25380899321543865,1.5628940730901801,1.1182172881775636,-0.49996433266503876,-0.9382359589594346,-0.5792805833173739,1.3184948161789543,-0.05422938384112396,-0.06527413343185576,0.6597273331215019,-0.029796680317785568,1.348830058405458,0.8616792450673971,-0.8566530945832008,0.2981296831615985,14
-1,6,0.65708695403448,1.6663490243188563,-0.6767485972576128,-0.8977842373676435,-0.39181067612617393,1.3543807384860167,-0.05910638238585874,0.02055664554126682,0.6281119005483101,-0.3863286106986658,1.125295549961512,0.5813271389729443,-0.6006021765191188,0.30025664669557806,0.6738945129330397,1.5834044132726548,-0.6945971974156131,-0.8962816282556556,-0.5656424670435433,1.3510585356803955,-0.10473296608357091,0.06658388694186398,0.6313943266218542,-0.38841401008357246,1.320848135045375,0.5911543209325637,-0.6162131679573802,0.1234181332540242,0.6908517944025055,1.5323927793572105,-0.6931754001596409,-0.9091010396247174,-0.4503018578857532,1.3482613794729164,-0.05268726424053413,0.10104647064968456,0.6310083098124143,-0.330194762722729,1.2430493171270391,0.6003213771684622,-0.6182172945142499,0.25904333361809506,14
-3,1,1.4598944195785835,-0.0033426813139607377,-0.3423539519261331,-0.928172272158066,-0.05108152828224091,1.0371668374481038,-0.06130070344382602,0.05921064248907813,0.6538213116138114,1.7724346101374608,0.7767192537613627,0.3977277135898161,-0.8838109797523328,-0.12126312824519504,1.4562539760216895,-0.004182930951344821,-0.36465155877737426,-0.9159324223268893,-0.06425229593278572,1.0300385071275493,-0.11745746563062523,0.06383457997823436,0.6545853887403926,1.6778009278556323,0.7765784539279263,0.40506014206493457,-0.8694686261304151,-0.0947773293640874,1.4544089687122925,-0.002089385838961779,-0.39564720576288565,-0.912535892301168,-0.06611964281064305,1.0232687160488163,-0.05394949796688148,0.06679014768093942,0.6563545749499458,1.6449196341476384,0.7676345472451134,0.38730386593205984,-0.8533488210354879,-0.0948064457787917,9
6,-4,-0.6548157871483375,-0.5734422812484554,-0.7839809813967601,1.4255755569619624,-0.1371983293159059,-1.310106786150803,-0.04672134036099453,1.4624365666359738,-1.9495749538722633,-0.7072646084199585,-1.0543233096641305,0.10259693782613286,1.3033263425891193,-0.024504131559236787,-0.6560883385089472,-0.6012930031756044,-0.7767486767669936,1.4239718927621947,-0.0570846978271217,-1.3063146822628626,-0.07081300003777857,1.5157925427418486,-1.9265111868129219,-0.7257221470837236,-1.1405732632957164,0.17993626804853102,1.299843074070867,-0.05914788416750875,-0.6579867791972462,-0.5932458743016727,-0.7574313554000662,1.4132839862738766,0.013768142180741332,-1.3020790110775078,-0.03867525561103522,1.3412492571056,-1.8872188383513107,-0.7354171278335173,-1.2072248756737383,0.2732803132045358,1.2919444075659938,-0.06846460365913948,25
6,0,-0.6557975995247225,-0.5856397588518769,-0.7546918657542423,1.1187188297606758,-0.7782696125691937,-1.3636427001243572,-0.04555095145712321,-0.44674488466194057,-2.129842321762242,-0.7864255871244444,-0.40137338980490284,-0.4393907454890136,1.3305662226113684,-0.07360239805191535,-0.6574368731712571,-0.5645526368420439,-0.7588582229168737,1.1603305601186344,-0.7651392606971761,-1.364283781737454,-0.06637847788765046,-0.43739782413000133,-2.130419963077256,-0.8419074691094974,-0.443782098815975,-0.48680381899426006,1.3219197845965263,-0.07682907358104481,-0.6593994619340547,-0.5729971220955962,-0.7553351790606154,1.1741407612459644,-0.742928182482583,-1.3641579134113142,-0.040027925582618556,-0.3059266476252091,-2.071742008840016,-0.8596220122714008,-0.41574523164909233,-0.45204866687458595,1.314026324902212,-0.04542217389455037,37
7,5,-0.6039838122576915,0.10338904414144225,0.8881362378387383,0.21680984790941477,-0.32431120843046846,-0.017161015785947066,-0.0494540752041422,0.372777196725752,-0.2555843067955215,-0.6269912754223174,0.34674128274771204,-2.657916857294884,0.6952004694229666,-0.14848040738170298,-0.6009536539247152,0.06746305980696797,0.9160344895634024,0.18239099478211657,-0.409646696201981,0.0038444565799614955,-0.07017078615653953,0.41304489986781384,-0.14993515500328564,-0.6269060065939099,0.44536648536879275,-2.624724716957763,0.6625234612759371,-0.14268412587866758,-0.6001305706350416,0.030067224762715533,1.0107094269177135,0.20981606845293194,-0.43708005686234846,0.023405123589711432,-0.03927308702037044,0.28767326687606354,-0.20624335240752745,-0.6758819401022119,0.4318448343128457,-2.6302967895341647,0.6263205451373545,-0.11511666730613569,16
1,1,-0.41169163826903543,-0.11736836474912209,-0.35666385444707854,-0.3025838227766272,-0.2436159305959016,0.030221455643737044,-0.05609099125994493,-0.20702020061402385,0.4751457526943442,0.3908723793580225,0.389872259082827,-0.3646698193258924,-0.482789533595367,0.025073692566223865,-0.4092861329653947,-0.08929150992533035,-0.3833117294793072,-0.2845400374175835,-0.25482431682189605,0.03341874898503132,-0.10150614973554277,-0.185349590213674,0.4833165586507311,0.41308337547309165,0.3801380359278512,-0.4236924096975653,-0.48856687895629125,-0.02165483336261379,-0.40897152976552187,-0.0933408201700784,-0.3499757229287445,-0.26776413925145803,-0.2720024206014468,0.03617036800646085,-0.047560372876792226,-0.23178747505499533,0.5001116457156611,0.4779461725564249,0.37923164648136115,-0.4276784772092946,-0.4926920222223213,0.0033954040832991175,19
2,-2,-0.4094793618524509,0.4528405960076119,-0.768997163770041,-0.13849467315124175,0.6989307103709009,-0.6392878538643264,-0.048603762895995835,0.9068185137546091,0.4850857336314429,-0.13828040309400635,-0.4016433437055671,0.5897751277856438,-0.7043671260519343,-0.029246520593590977,-0.40661726435240775,0.5094023104215837,-0.7553901359860289,-0.1508809649589161,0.7195724680016546,-0.6277388994521681,-0.09277342195607444,0.959664161146627,0.508322293358369,-0.14286534089706932,-0.394448605118391,0.5980845794471473,-0.6953140031042746,-0.057046981042451435,-0.4022250709814932,0.5262377592959719,-0.7586223353664039,-0.1530939361619965,0.7208889816130657,-0.6163615314817139,-0.04627222852246035,0.8226183206128849,0.5210295639510416,-0.09847441819510709,-0.4246053015697385,0.6041602768108352,-0.6863509406196823,-0.03914006377380684,20
0,7,-0.04258531060756275,0.9130801152130403,0.12060228784303331,-0.7532954678934373,-0.5173378440639417,0.14401673775624674,-0.05701922772845703,0.14770770393765503,0.5728583351829777,0.6028059311520293,0.8702250216659994,0.04967579358986253,-0.8897015678497211,0.050495058830190266,-0.029047928330310356,0.9641000909149355,0.10796517336706371,-0.7523536901816603,-0.5206804705776036,0.13604091647915045,-0.10200022931208919,0.21196535851553022,0.5799093378157159,0.6269040577803554,0.8565810814197461,0.0705326314203169,-0.8741131669140867,0.049755001966109456,-0.0181277747238103,0.9478150949786667,0.04670936705514319,-0.7470344194821565,-0.5149129567446461,0.12760371721587427,-0.0493793424706865,0.24563338974654952,0.5905207986105444,0.6941373769164558,0.8467522722938209,0.061325573987319575,-0.8626023519784259,0.0741898311530927,17
5,3,-0.5861627629977713,-0.39098425677511733,-0.14854364039883755,0.550611033136399,-0.14458197471005382,-0.26056640891423144,-0.03898634946191699,-0.2524988095246142,-0.34581878936291427,-0.5752756585679109,-0.41990463471508754,-0.030244251469215368,0.7097955536924521,-0.1308494213834076,-0.587275591461849,-0.4163716635720323,-0.10096040759412067,0.5457277098961301,-0.08956868258375905,-0.258087271005314,-0.04537997331893682,-0.2178946056928312,-0.3058424005137528,-0.5843084310378164,-0.47470783294001223,-0.020679415563895853,0.6888470459190077,-0.14891527821391798,-0.5887065138678679,-0.45844056680904716,-0.08097631644752715,0.5609964248081643,-0.10788946018975161,-0.2547870073047531,-0.031150535738758596,-0.31017452100636916,-0.20093770262258107,-0.5828719905979846,-0.5123720917407638,-0.08068294868965575,0.6671606861448146,-0.13182814182337083,12
-1,7,0.3564875901364978,1.273029326676052,-0.30000290591031964,-0.8678696461741829,-0.7828430750108409,0.32647556863792904,-0.05764390594488278,0.552191952696732,0.5407688587729984,0.3156997106207474,1.4567907992907,0.30735676307527293,-0.6472300732501112,0.3102569453484249,0.3650873580758497,1.221400234411632,-0.3262329145611671,-0.8678434826662381,-0.791541502361308,0.3149389451698686,-0.10501647957548914,0.6401041752823475,0.551080689094124,0.39357315639536644,1.451516432905909,0.35036284648873783,-0.6405884028328694,0.1486509802197317,0.37274105029142085,1.1838328998426266,-0.3477613425738426,-0.8681255897818514,-0.7731954500232974,0.3035882314837175,-0.05064725194256661,0.750967078165058,0.5492734835868084,0.4449467567146963,1.4322125305943922,0.33591306070109894,-0.63780752784612,0.34564224763253226,10
5,4,-0.5571167211914791,-0.4878466392429621,0.18896762771015282,0.5708754104715269,0.07812183515043375,-0.24264791424012483,-0.014014274114107701,-0.07545315114087707,0.45755669623951756,-0.5482941793420265,-0.6712557569443021,0.025308034742321246,-0.04587491515633313,-0.12731446589119072,-0.5574780720543431,-0.501518827774994,0.19905003135585608,0.5889723590858773,0.07510329080662667,-0.24405823591461973,-0.02113812178057954,-0.039641903082312246,0.45455043250097565,-0.5809394491253181,-0.6620399173396461,-0.013808806530071523,-0.047637796953982424,-0.13815746698314027,-0.5569809367412787,-0.5094378394157207,0.1942321795353947,0.5748016541612773,0.0968345848855633,-0.24513275673543355,-0.023751078222170496,-0.08476720994864922,0.48632259243393133,-0.5458384908892591,-0.6629290964621132,-0.00022241984466362367,-0.046562925692755795,-0.11620013064638435,28
-3,2,2.0136992002090888,-0.0642948925130512,-0.31545028334772374,-0.9144859405909147,-0.386609185809681,1.2103209563438906,-0.06096567858044264,-0.022073217964033068,0.6583596363481868,1.9624932683743308,0.9901122490044089,0.2613488481124225,-0.8010448426646605,-0.15239409650866642,2.0045441838973894,-0.05055391424383884,-0.2855386237509321,-0.9051606530147458,-0.4065762752359363,1.2058242165370523,-0.11659614342296486,-0.03475097962613169,0.6584935591573721,1.8568587526322562,0.9978185041151441,0.2576576379857965,-0.7873688606855346,-0.04995301309108205,2.000290296040413,-0.030184060794768035,-0.2958413186654013,-0.9005428641943035,-0.40373434465805064,1.2016078022299936,-0.05331110580088489,0.0012559500999149993,0.659817886497686,1.7995168912859942,0.9773030581665906,0.25882773026537553,-0.7816546970136435,-0.0607277673952611,32
8,2,-0.6563965902061958,-0.5315933940839038,0.28681653121389494,0.8054627422463446,-0.6489823992043436,-0.816804488690156,-0.04075422029251145,-1.2699168535054888,-1.7581313127827507,-0.7846586693201903,0.026800825372586233,-0.8339072965287303,1.5140494547599035,-0.0792209092871354,-0.6586097545118681,-0.5858728133289037,0.34351554669858103,0.8327956765000409,-0.6650523150730265,-0.804932499426083,-0.025838628189392712,-1.2847849284960606,-1.760186237144238,-0.8307958072419779,0.02566697099831597,-0.8281343828329918,1.527434667926959,-0.10109378233503945,-0.6620151492120568,-0.5990216575286493,0.3385198078594675,0.8330941699620235,-0.6068640336208125,-0.7916539438544389,-0.008732794289293752,-1.229666514740242,-1.7030363591502915,-0.8393174759849568,0.0030570733393792226,-0.8771979678209264,1.5423165398198615,-0.0596167693291837,16
1,8,0.12215892557928569,1.1255578100419203,0.15729047729445322,-0.8142378869889969,-0.2487399823515278,0.28064911379605373,-0.06008170038126377,-0.0754032202865073,0.6468850178871488,1.5352407292918144,0.5680793297041299,0.21556298244978364,-0.9495530131223171,0.05450194739482861,0.13497238239733933,1.1721850820281974,0.10763305191507982,-0.8006341616712194,-0.26867318069830387,0.2753789258246922,-0.1102831705609244,-0.08400471675550505,0.6495010326868279,1.4580580537989105,0.5626984246192482,0.22355371379669525,-0.928473360490569,-0.06619611209297488,0.13959014994577226,1.193073627162566,0.0588812846405697,-0.7919904164189876,-0.26622154232928796,0.2673742254044026,-0.04874802999688731,-0.11661648654554364,0.6536353844737165,1.4463835484431018,0.5625383551631578,0.1977462920193014,-0.9203786626908126,-0.03423940239683741,44
-3,-3,0.7961449117404797,0.09167219873475047,-0.38835483450640906,-0.9293653748506311,3.026865218014397,0.7278232448382717,-0.05789078855198256,-0.10126006241546186,0.6436305561583003,0.17492950651140168,-1.3721067694776905,1.8993492302371728,-0.3249948675622589,-0.045596294900797085,0.7678654589629708,0.09739349512389635,-0.3798182922131373,-0.9176532731999754,3.0338237481950325,0.7266020268078107,-0.10780367839574669,0.04595249509632926,0.6428727961270744,0.23319560532735276,-1.3562218492691647,1.894030512943648,-0.332248590374757,-0.091146705180719,0.7412176054620765,0.07581879387714599,-0.38869914746803846,-0.9193481968049625,2.9719683182387864,0.7250820506479437,-0.05147038604052642,0.03042823190010007,0.6468890465626638,0.32637591110082237,-1.3527293627690775,1.8269632152602928,-0.3311988767072503,-0.0754798756917027,32
1,2,-0.25267189659575623,-0.5730037613822474,-0.3867302551518731,-0.5552445452528928,-0.276004894692913,0.7269700553355554,-0.05110763840133,-0.6431232440337998,0.5822713855377756,0.5601879986706901,0.7546820052885661,-0.3896895243043884,-0.6860119131915247,-0.044016233377709144,-0.253525217757507,-0.5289128474510678,-0.36336836130431477,-0.5599007265182077,-0.2804994423380785,0.7322415215220536,-0.09725686763774104,-0.647679588891331,0.5881375783422927,0.5699866813222639,0.7635701564106091,-0.4074321226046342,-0.6853632767656602,-0.07264957522389134,-0.2572227694277271,-0.5387230934994206,-0.35485171629877404,-0.5568722240666192,-0.3020805676328648,0.7355115160604386,-0.047237482605047836,-0.6753383548589266,0.6008950293366708,0.6195077932007805,0.7847374633814946,-0.42686804582948007,-0.688633109337496,-0.05361367103207806,8
3,1,-0.5030246416530384,0.11060225609052408,-0.43470191682874065,0.04070993242881601,-0.34833334639878466,-0.6282963389222154,-0.051388892125593735,0.06372663575172019,-0.0010643763405764053,-0.5837633260143628,0.3681300921098757,-0.5244792558512342,0.22028308721312578,-0.01538452624036714,-0.5038403362092813,0.079561678194418,-0.41274924086167436,0.0315549600281508,-0.3769116951962636,-0.631827859958395,-0.09208228964956995,0.017611612921262048,0.014882830556896499,-0.6113482049343021,0.4076637607005702,-0.5688239978868556,0.21674982703114498,-0.06477745686249042,-0.5028719353088369,0.07866879216164609,-0.4052030862287842,0.02537574317207472,-0.3865277793257815,-0.6355825591663055,-0.045146552738227166,-0.03212084641953633,0.06756444517520704,-0.6006463013778909,0.39749245586578513,-0.5360738940046876,0.21279633315603413,0.01145349146119238,19
2,5,-0.20859837032952686,-0.3682247887375023,0.9347762044678115,-0.5141199135191015,0.14422238923038,1.018936652968121,-0.023231528031951942,-0.47160016773661395,0.5736527437063554,-0.578793384473965,0.3007323685264964,-0.14830523956204916,-0.46770195870977654,-0.07459137455654355,-0.2058632974417923,-0.3675113160733582,0.9397474395877594,-0.5155038886138646,0.1528348954479955,1.0242469906149834,-0.04471986109160253,-0.46671392877195444,0.5811920553947056,-0.5984716717633033,0.27243081108587464,-0.13225233668682174,-0.4708742272922338,-0.06507849228891321,-0.19519066168863813,-0.3547946672645884,0.9010916453176466,-0.5167864044121088,0.1657841782015574,1.0286198860990308,-0.03885621366609898,-0.4570687934896801,0.583856764501155,-0.5655082388992051,0.21303185245648612,-0.030127128663243012,-0.47740439017163144,-0.04224259029528978,17
4,-1,-0.61605166055535,0.11562989168634935,-0.6397690206792562,1.3740055123670885,-0.5698312589474414,-1.0659464577913724,-0.020413553397891474,-0.12804940498227355,-0.8953003398333275,-0.5687966054560136,-0.6613095990912474,-0.4253633383656173,0.35069649941488845,-0.01458147106627971,-0.6176351887129595,0.10553961813500257,-0.6252644164700479,1.3603380471949236,-0.5306434135270469,-1.0674999107925705,-0.0554065477366008,-0.01045148960764732,-0.8323407579445783,-0.579509556214282,-0.6789579490849327,-0.44754047496877264,0.34040619565854313,-0.03996700250634432,-0.6205276275816491,0.09764927135765886,-0.6144534540139917,1.34059549139263,-0.5467395707332204,-1.0700747069863794,-0.042513353566740714,-0.00419282551618741,-0.7320561048095736,-0.570881552115249,-0.6232047114529717,-0.493968923450204,0.3270129093143549,0.0050466366598877445,4
1,-3,-0.4026337606462611,-0.2847233051560212,-0.3614241026669648,-0.1396192183022156,1.0560182712262054,-0.02047609613742844,-0.021938605139337243,1.8553912950036213,0.5299871373338239,-0.05091060811973674,-0.616352433711612,1.1062266510389003,-0.5520104997461013,-0.06685159770797479,-0.3945009528165977,-0.32698706673067907,-0.3807975229643092,-0.12632219830943806,1.0264717229235338,-0.004267895152700305,-0.022024561625051987,1.9198266263337636,0.5467720826807114,-0.011802299928530139,-0.589455057376012,1.103105904155886,-0.5386540619528357,-0.09157218629650499,-0.38789168021284975,-0.3180765255555024,-0.3669374743340692,-0.1324533978192527,1.0115962065251531,0.007904385047806274,-0.018634971145730293,1.813439320324795,0.556142658628461,0.03818034485281899,-0.5794606271290951,1.064688121070893,-0.5285343500913349,-0.09809101205082103,22
6,3,-0.618274114189044,-0.5632718618716985,0.270398761294617,0.44379643105837885,0.16632981715942333,-0.6335875131167467,0.025049907296404737,-1.0523778607543346,-0.9640092654839314,-0.45127003872419,-0.5470989135449318,-0.5298002685948733,0.8960341102266044,-0.16923967771246795,-0.6220518785749899,-0.6041266470525786,0.26957528004927495,0.46839313542464006,0.1552645662941785,-0.6265536570296218,0.18150616602505568,-1.1008473144535789,-0.8977141200720367,-0.49594991466365457,-0.805872997369322,-0.4532888364368993,0.895823753967529,-0.20714389488021798,-0.6251422723937229,-0.6456610273658839,0.2629941079342228,0.4896399639568752,0.11458898386878223,-0.6198273221062347,0.05172566107095416,-1.1753852892812802,-0.8899262701038871,-0.5170232973909845,-0.8361950030340872,-0.49006056410718035,0.893914576568432,-0.18170932425717398,8
6,4,-0.5864738110520976,-0.5709157860482957,0.6572297197068797,0.5833580058311595,-0.15253141661517186,-0.22104810654100288,-0.04123658014454398,-0.20939120180739912,-0.07229070643796823,-0.45340542380496074,-0.41858475208892754,-0.3685835491138537,0.01160207379451995,-0.14031595221181553,-0.5879222449082513,-0.5841868815772956,0.6682204327204098,0.5896598748804145,-0.15200465317560577,-0.20725273423892324,-0.0390885800514509,-0.159194626999905,-0.042106556123655166,-0.49101023588879966,-0.46022518875045276,-0.38871083324348715,-0.0001022704649186257,-0.14053771120622624,-0.5883941042552137,-0.6172488698156544,0.6871393164851577,0.6170039460474065,-0.20278966585362543,-0.19104074867293042,-0.02596755647890791,-0.2215745700224082,-0.008374238767733466,-0.4795279308634647,-0.4729352909107574,-0.39148276147904604,-0.02004692191697698,-0.12267604017704409,14
4,-4,-0.6038630851594949,-0.17202637451885106,0.08792062152623845,0.2248409079909497,0.5675846630934139,-0.5407524395104002,-0.03809977652195667,1.036816597744813,-1.2671829994177515,-0.6236322148135788,-0.6128441626289345,0.5118705591114481,1.1087903377328958,0.08564824981464272,-0.6029404327700059,-0.10199209438582452,0.08083623195487508,0.2184301476394228,0.6005471487795473,-0.5314828688017132,-0.040347550265424345,1.1291384221572462,-1.206813703098172,-0.6138005124587196,-0.6473278176636966,0.5503722379222277,1.0915165942568084,0.03246092319896723,-0.6004981982543801,-0.15236953451763408,0.08892033849937625,0.2766946167653211,0.5754603632625818,-0.5214660816573028,-0.030970953659940858,0.9762738561228553,-1.1709861847430845,-0.6379696984847614,-0.6494254834581789,0.6142151146330618,1.0702440020594077,0.06459517482073027,14
4,0,-0.5915055027302293,-0.12075969903943204,-0.5244045298407594,0.6164643271632201,-0.7985389069641473,-1.0583925954391948,-0.05491914852949221,0.43286703193082654,-0.6850299631428726,-0.39682296886129587,0.23689673461801947,-0.3253759010187052,0.3838043721654911,-0.011875501609525397,-0.5930363484926084,-0.1345155160211118,-0.4940196833364747,0.6080790736981708,-0.7877865100536416,-1.063290034388696,-0.09464802006946302,0.5366282881320744,-0.6491711029894777,-0.3983856757601096,0.23536347614138287,-0.34004687407113837,0.3816016519828267,-0.035408633005801035,-0.5948591341298795,-0.159898210529274,-0.5092930787508687,0.6100427190629135,-0.7870721110905954,-1.0685927629020844,-0.04655912078570053,0.5027528478227856,-0.5615563611113161,-0.37593270464371636,0.23051437248519957,-0.361759176667102,0.3821993827378572,0.0008792350117045495,17
3,2,-0.4219934064140419,-0.20750083571296504,-0.42937541078839225,-0.21300558046975016,-0.10922372255802235,-0.1497746028901588,0.025919777269886216,-0.4532357198643035,0.13265636828941693,-0.644094361730406,0.3463569092697073,-0.43401549008722756,-0.06356598749955664,-0.049157594616136474,-0.42216739309240214,-0.22476573654741383,-0.3954651150855038,-0.23162307388434408,-0.12130651826835792,-0.1405033502798801,-0.04250016826575086,-0.5031550835682834,0.1514679057998241,-0.6637122997675984,0.3561179029114425,-0.47574867792664505,-0.07873790048356444,-0.10332037364493062,-0.42150079756996744,-0.2179678016783658,-0.4050001534876565,-0.25222202932972926,-0.12818648853567913,-0.1310157798107669,-0.027746658225899543,-0.4652874284292036,0.21081032580752984,-0.6661365572675172,0.37828288082597483,-0.43399361227067346,-0.09724669362019155,-0.03066924930845674,16
0,-2,-0.3909169603380035,-0.4624353889051845,0.263620104082199,-0.3865542929118639,1.1187459553098245,0.4997491479425749,0.008129894930508648,0.6021542519784249,0.5499245128134721,-0.5242786123139946,-0.37876820256265253,0.8218300718100976,-0.4963475096667415,-0.13626870096926613,-0.38872650931357916,-0.47070412594047656,0.20113750591123655,-0.38682137425914,1.1700670978837153,0.5049354397997209,0.07278812860655845,0.5915058118729509,0.5689059749881362,-0.4874351574850682,-0.4164105282339223,0.8830232390434203,-0.515142781836621,-0.12960762624959413,-0.38496220527969965,-0.4521291884418131,0.2259640586216754,-0.3985223334639387,1.1073992913413266,0.5090537159916901,-0.012070856375062443,0.6087738187165243,0.5714723483643557,-0.4823856398735649,-0.3834798348604308,0.8563880918662605,-0.5255921632630498,-0.08706446736730153,15
3,-3,-0.6156583105309722,-0.24348876599048003,-0.25028952112353714,0.6928028705019348,0.47496261910765525,-0.9452891555299647,-0.02683983662063844,0.9213399405714306,-0.14657435120848128,-0.6410851721532679,-0.9650433253072648,0.16319746840952315,-0.017713973819545314,-0.0506900354782079,-0.6149281940552049,-0.2339573878678891,-0.2760616149595479,0.6703845196285176,0.5374299692767762,-0.9411166369796721,-0.06415774734555732,0.999293200566903,-0.13969360148419538,-0.6347263644109031,-0.9827319313885702,0.2468117560570576,-0.03253420183244457,-0.07010378184911624,-0.6152060734458761,-0.19377845241778743,-0.24308476799601167,0.6596537412078473,0.5230763052924366,-0.9375531233398106,-0.0400759852798232,0.9626085579010996,-0.06885078808212741,-0.6619158074328854,-0.9689501621396257,0.22434002430374367,-0.046607322605935406,-0.035963752518374956,19
3,-6,-0.509940368172262,0.28757432377440034,2.027977631404145,-0.4473157714171677,1.518598442771222,-0.4560505121735698,-0.044334245624288414,0.5103537675726829,-1.700459705761176,-0.7870067392669192,-0.8854693571548774,1.2373406807481016,0.7662742163585502,-0.08164429318290223,-0.5127380625037407,0.32278082627029203,2.046835535792679,-0.4362611362827403,1.564813463313965,-0.4474442566070641,-0.06913666640381144,0.5964630202571168,-1.6820719299135953,-0.8380932072222645,-0.9341441263389584,1.3072540149922942,0.7599977990421267,-0.14608309111731752,-0.5153712185895416,0.29747310406580213,2.0748622094999027,-0.4523431015524344,1.5363827467366502,-0.4394396909231666,-0.03334592229089686,0.5685309042035432,-1.5972166742552707,-0.8223308891262799,-0.9039966844582387,1.2511095656002522,0.7567344876535645,-0.08339138784815094,34
-1,-2,-0.20281820449502735,-0.07896937529859958,0.11572784255784134,-0.6449489705907806,1.5696413128259104,0.6672313165951772,-0.052300248573530925,-0.4923729330436982,0.49020859215864676,0.08014206402949686,-0.489747123424184,0.6238686579048285,-0.04735745027355862,-0.22138626530589886,-0.20513887399448014,-0.06769610505588201,0.12879006634141787,-0.6610906805574435,1.7513441080040806,0.6645941699910095,-0.07969955700066342,-0.3948734950837301,0.5004045279788849,0.19900856019794255,-0.6282785361459028,0.7245993944769701,-0.06766726757048527,-0.17074778554999256,-0.20674675559295344,-0.10995029977476278,0.11304327500304052,-0.6500877540562503,1.709369355300351,0.6603700090804907,-0.04318408198434333,-0.6546866000826225,0.5106429248478211,0.21207445102308467,-0.622646294459294,0.7099751184635917,-0.08569481350961798,-0.12259245681587831,10
-4,-1,2.18793991844023,0.42192385126789445,-0.966498948885007,-1.0336009057796307,2.303124791543437,1.474851305167537,-0.058821366080476584,0.8824468184250429,0.6583135958515914,1.0684170638464594,-0.5855754981544766,1.9085488693441452,-0.44979317095718346,-0.1310426204781501,2.1185020865673616,0.47539592462838887,-0.9930355977745358,-1.021015467807936,2.328496351440634,1.469313227049464,-0.11592832614792657,0.8613783890316477,0.6584764835044828,1.1303204408150893,-0.5860725915420715,1.9653773041579226,-0.47051766891133584,-0.14718670059911093,2.0963400165051875,0.4462924801114373,-0.9861228533639765,-1.017722491223046,2.3407159162605082,1.4641105092054971,-0.051577346869933156,0.7237517546324321,0.6597747519350458,1.1687558539158553,-0.6069866367632029,1.9543002903618523,-0.49397725904222295,-0.13166639509794412,25
-4,0,2.318120676242422,0.590080591053109,-0.7787721714956584,-0.9583922033822536,1.100700385036236,0.9307885564755832,-0.05953363451583933,0.23821280379819262,0.6583576908313502,0.7530801417676575,0.017185284965605122,1.0870450320970464,-0.5396023473340444,-0.04560918885768892,2.280989162606073,0.5655445385582963,-0.7803216269550516,-0.9530567901791307,1.1608537161345232,0.9289265150878648,-0.11421303423265962,0.252102597531649,0.6584928723306834,0.6793874757410735,-0.0237019785920066,1.1186829715942397,-0.563865696100746,-0.02406984599107707,2.268275833754737,0.5526558607529315,-0.7695595238846685,-0.952499720579965,1.1773001580250742,0.92732181543452,-0.05261642671807009,0.21702301684813693,0.6598172373916462,0.7330759376838882,-0.062422927240736684,1.0971167245896138,-0.5809760002102102,-0.07420199360237109,9
0,5,0.8487347211869597,-0.1080794091694069,0.28067840524276344,-0.8651281116161742,-0.7413881191685916,1.0213265922728432,-0.057761272532007864,0.25185283414411885,0.6234088759783244,-0.5851108984206445,1.3321300015988375,0.16251720391923816,-0.5405310215265144,-0.10035873370046176,0.8393492634877148,-0.11252318674278472,0.26008671710466513,-0.8623928602928874,-0.7519457216413905,1.0152943893084654,-0.1039947693770121,0.22415953208278783,0.6262293130417523,-0.6138046983747597,1.3599614815496852,0.15983972688991668,-0.5293625429231977,-0.1100298317094034,0.8507782455127908,-0.1169500063082064,0.24287718761134347,-0.8651562477014372,-0.7328116422443055,1.0095189862938734,-0.0522233604838038,0.22555081449924214,0.6286011059317048,-0.559244923064699,1.3246744714138463,0.17251099353646002,-0.517653793419545,-0.050290211817546455,19
-3,6,2.0412365717111443,5.115189471938647,-0.5503559428970181,-1.0745306786774784,-0.7732610255967002,1.7386037594447856,-0.06139797660365355,0.1665332351715213,0.6583658450098957,1.3731338773455153,1.9129139519752818,1.1105535376118405,-1.111526255174518,1.5799783728494805,2.0887798697653186,5.06388038086364,-0.5473389916227743,-1.063376110497405,-0.8052869470811186,1.7298880232214913,-0.11889976060062327,0.13795343644313002,0.6584989601580512,1.334423246725642,1.9301046706505498,1.1542499827232315,-1.115932027399333,1.7769442387129684,2.112492837335025,5.066401931711162,-0.5579035633399313,-1.0589960821630915,-0.804664990129403,1.7217124737783112,-0.054268725397396564,0.06369262523523733,0.6598227141171201,1.3180980391665926,1.933844904546754,1.1229228231198394,-1.1084647205627087,1.353006133731218,20
-1,5,1.1058472892036542,0.36036627850356207,-0.46976895226919607,-0.8791767360847984,-0.38787826379578033,1.160280854895827,-0.0601673776299397,-0.10300353113881942,0.6421560763722333,-0.655029804454083,1.0281813178023391,0.39373417763729246,-0.5267527938568249,-0.06213850999933014,1.1341344084593208,0.369977287244563,-0.4693357799316308,-0.8866550428037453,-0.39631920280325067,1.160904678434646,-0.11109940542771746,-0.09279479025677931,0.6442957409087682,-0.6656960553046459,1.0464603855598058,0.4614185511439705,-0.526650761164982,-0.08934295456612061,1.1657591143896104,0.3627058208973158,-0.4842667541144835,-0.8910687866385469,-0.389104905267723,1.161290266685526,-0.05368479655340229,-0.08316890018879253,0.644585860598302,-0.6136806288959672,1.0319959857545187,0.47687794425347935,-0.5228928931087686,-0.006488145083196292,20
5,1,-0.641342683052997,-0.6225334561595646,-0.8335270341676345,0.7904639321068914,-0.5437411526396063,-0.8075329473951842,-0.051029018994600134,-0.568023658928661,-1.3708202766659183,-0.7125529292849107,-0.3404712108182828,-0.3980626222942783,1.280878281699482,-0.15507669140998132,-0.6428793224745937,-0.618760236413931,-0.8080091913936039,0.8194458009508069,-0.5458535312422003,-0.8061011426598281,-0.08818725693501905,-0.5500337847575165,-1.3344311171859513,-0.7568121850818671,-0.3573093479951945,-0.42219916766479476,1.2810632794923136,-0.14171904688190043,-0.6448118536813175,-0.6245132618028714,-0.8115514885191538,0.8197388031781792,-0.5590880065245399,-0.8041319998414329,-0.047473932679751946,-0.4530089411708074,-1.260082239558397,-0.7578578485829659,-0.30997173271502404,-0.398584728338734,1.279612149126592,-0.133864940216395,17
1,6,-0.12926530785986345,0.38617418794684166,0.4327752675295969,-0.6817141605554147,-0.7658327203432684,0.6829726983665626,-0.05730966948553944,0.19054189244375389,0.43142987844828323,-0.023862879409971345,1.1912895685605047,-0.407926900135231,-0.48040061090314734,0.10162380013829968,-0.13052767248171665,0.3771195384443625,0.4474401944895507,-0.684327501940952,-0.7897991979462079,0.6851693785231633,-0.10236617818778768,0.2581932029939949,0.4421919814256199,-0.0020103582921258255,1.171214626199397,-0.42552858152975953,-0.47939495149034583,0.06307415542825526,-0.12414699954147886,0.3657321450647013,0.41308319237535435,-0.6819071400890988,-0.7835332472118396,0.6875409974810629,-0.05034870559001442,0.2338438638308443,0.4663775243910679,0.08518746557707382,1.1828441036214121,-0.39865962876515887,-0.477266023072337,0.11292175588951371,13
4,3,-0.5382003326150033,-0.2889575141223503,-0.4967632157680291,0.2913991582715605,0.1546411206253205,-0.03638245339248193,-0.03270645236596135,-0.4350099747511015,0.060136359888201166,-0.4877475666580481,-0.47628424291072824,0.023241263754054536,0.30896201819494795,-0.11889062691300493,-0.5388722400490216,-0.30715731217427056,-0.48978705719947535,0.30447141086866636,0.1646653141172847,-0.02922722404992028,-0.029655774361028002,-0.5157849670381168,0.06706797983538618,-0.4867597296067375,-0.48281227952974437,-0.03413288503684931,0.2958150466763746,-0.14323702527385088,-0.5396994625118972,-0.3115929230785218,-0.4655592131202078,0.2793914184886825,0.17608798541370935,-0.021885672337797847,-0.03126869261815512,-0.4797530207050944,0.1270569149696573,-0.47386435530310017,-0.480624904616773,-0.02032232165556743,0.2855325901322563,-0.15690344292390324,21
4,4,-0.4654790807844853,-0.3997751540311456,-0.09620611256209059,0.08834912220969768,0.5662812752731611,0.022773714845749693,0.02772914482754439,-0.27984616780113813,0.46551547779212604,-0.6948608610227957,-0.6115449972293574,0.1345454824678919,-0.3472170488323392,-0.14706773339848409,-0.46526312324515223,-0.4218720214909796,-0.09661432630202828,0.07093954055199883,0.5482985755218348,0.02121431421845809,0.07414005377572012,-0.3154570091169715,0.467127577037064,-0.7235477626122665,-0.5685446997533399,0.11198657828175333,-0.34991699558471473,-0.15988698986339792,-0.46148217162139726,-0.43299913872128026,-0.07752480759466523,0.0497264793302696,0.5196367674271405,0.019999517467667566,-0.00743369285202431,-0.2971186801808718,0.48508737019342035,-0.7068917086025782,-0.5287259498575401,0.10795041364634825,-0.34972081240666947,-0.11973788007160235,23
-2,-1,-0.0747082048563623,0.9022495473673343,-0.4879985248278728,-0.5772071451811539,1.3064078282032567,0.5922231611817926,-0.05387273632069874,0.11854826681912853,0.6140279657958417,0.9250642930305821,-0.4277748998264694,0.7738348657739081,-0.5682907529667919,-0.05088769532386729,-0.07321676513841135,0.8655971683718127,-0.46699424418905544,-0.5724998111936868,1.3378709915867277,0.5979324823598166,-0.1006605163588678,0.11324686992125445,0.6166023120495384,0.9826363764064776,-0.4564039482669656,0.7849525820855393,-0.5695941755110633,-0.07657162481033684,-0.06946570243506542,0.8261346303210573,-0.48873081323172596,-0.5676428179162812,1.278075266944468,0.6031235558119997,-0.048041386692018184,0.01065875133995867,0.6251256523185,1.0330896470303856,-0.4465510904432426,0.7483979766363111,-0.575345944978814,-0.0440594697497647,19
5,8,-0.41664643975503896,-0.01411124599206732,3.6819052511974593,-0.38245114886074916,-0.37851218220709204,-0.05778613701680415,-0.0471863197805116,-0.27076544029386224,0.5573854839842933,0.17070171459596603,0.1975744238954794,-0.9010158258873628,-0.7512667933301572,-0.09554094275540993,-0.41948300797443794,-0.019404210005074366,3.6963132591759367,-0.37904897863630943,-0.35296568206491835,-0.0570351918145038,-0.11006477249461939,-0.25779361055767186,0.5674553135451584,0.130667417292476,0.1753385168508127,-0.9044865313724744,-0.7522071736235693,-0.1125918028638385,-0.41758415779406066,0.02557045107823049,3.6482467110029533,-0.37363372286005286,-0.372354232197998,-0.055781818141937695,-0.05093689014856765,-0.25551406982629743,0.5633052979631796,0.16320356493709354,0.19278290458978836,-0.8678318145523766,-0.7444069812844698,-0.09700142165630841,26
-3,7,0.932176198046043,2.435708942001248,-0.17765037002197345,-0.9810458911624227,-0.9686086794060025,1.2378568784233015,-0.06191263978884805,-0.13341738332427378,0.6582741862669388,1.1834941279889604,1.620750481562034,0.38111575878239884,-1.0690174734492037,7.667787917615837,0.954289389907981,2.427575460921464,-0.16496283982118376,-0.9724091731516854,-1.0206476609600823,1.2272313661426582,-0.12215475699811562,-0.1544550025898501,0.6584456921834348,1.1731098073831987,1.6778840263803914,0.43240431282799574,-1.0732339662429407,9.318982853221497,0.9516477541371835,2.5259731844160527,-0.16267568513494782,-0.9710737783933799,-1.0216417206026236,1.2171455848237644,-0.05494957307740131,-0.18589358649845591,0.6597712748472926,1.1870218415881537,1.6999513697765782,0.4088156641369499,-1.0614731864968039,6.464696134667506,11
5,2,-0.6100708129701334,-0.5556666639141654,-0.6615057697125808,0.48129957464097156,-0.3466147136835737,-0.2618062226831998,-0.051941802660298714,-0.44723625580003196,-0.6601308609522499,-0.38631806686346193,-0.16203157731935566,-0.3672622348712494,0.9937852467729388,-0.14138888269963198,-0.6112172168964576,-0.558794765862386,-0.6480552797430869,0.5029869744769958,-0.32980942669779906,-0.25397835903961635,-0.08603865577891665,-0.4192214259000262,-0.6288915415752135,-0.39795193149079194,-0.1621429664866778,-0.3886112731493748,0.9857042796664307,-0.14548505854397928,-0.6132316396257658,-0.570224148945641,-0.6596650851980274,0.5166355976416288,-0.3258230401130424,-0.24568984677546366,-0.04572071766529596,-0.32556495294949805,-0.5669647553829815,-0.3823339894504856,-0.1692476071728408,-0.3540232901643584,0.9750811356709961,-0.11956156284027653,29
1,7,-0.19910028889378656,0.6160809131457717,0.7541807132369649,-0.6571113762833749,-0.3920596846575562,0.4072917762863227,-0.057002030690613985,-0.08393290199664089,0.6116647057034285,1.0674560323742142,0.5914513798337327,-0.25109692575222714,-0.8014443003539287,0.012368233288125178,-0.19623410517109005,0.6758926967617288,0.7516803599863912,-0.6560778478081909,-0.41293399072598147,0.40372994928432726,-0.09522392676794647,-0.12990766213842408,0.6162531331478052,1.0323996194893525,0.5922281418706982,-0.24949006516414957,-0.7891305306112989,-0.022461428204334433,-0.190672452563115,0.6990591137247811,0.6888153894672309,-0.6435393544914758,-0.4008894237761592,0.3986131176825706,-0.0482125554582515,-0.16101492994087432,0.6243448531907203,1.057494058861718,0.5717357219737503,-0.2379248418952946,-0.7796470007920276,0.008326150959836244,16
3,-5,-0.5412192883309901,0.06934490253176478,1.1664595565627494,-0.11577206225745007,1.5392225716493757,-0.3435717087838125,0.008236972705513945,0.6519792382351137,-1.4948074899324262,-0.7118338214277815,-1.091091902253059,0.9416124968635503,1.5057931144485344,0.014551769093447837,-0.5422301614296596,0.07776379872641817,1.2017833527104071,-0.07103442516776837,1.5318996600261798,-0.3305153833742222,0.10481070232845388,0.818436913743669,-1.4721675150689455,-0.7379873189247815,-1.1038438652582416,0.9258803080871244,1.5076871268762317,0.02127464310126492,-0.5448916033034761,0.020012562371232313,1.201294735588915,-0.10158224044985441,1.4987447369344185,-0.3182390076272259,0.009419037276059767,0.5969057611432411,-1.4337832165233977,-0.7395578430313293,-1.0674434875388654,0.8840881254591219,1.50958765102104,-0.012994037720965952,20
3,6,-0.3339797099733102,0.08131246975925499,1.2475296896077246,-0.5306756220749266,-0.0464112859513841,0.4428957369965215,-0.042373963856443375,-0.06935635796656515,0.5664225841641705,-0.1530219374810753,0.2637903478941829,-0.2755343864316544,-0.7481442798770203,0.014159334379554894,-0.3278552371300803,0.06824939991137478,1.2469355206422845,-0.5365765751961481,-0.05107244105733523,0.43955516029198,-0.08741645427399908,-0.08634668613148215,0.5709740565984921,-0.15620542332580098,0.2811617816853861,-0.28381426075633986,-0.7382076639816054,-0.02993479941234589,-0.31788304883241253,0.10676228877210976,1.1450700184569451,-0.5355479400182401,-0.055485730477924995,0.43573843705256265,-0.04607473063690517,-0.07134376362725695,0.5741752341723142,-0.06595343804694846,0.2714350989846706,-0.22914955468721676,-0.7260529825881975,0.02856829089233511,22
6,1,-0.6626600118870273,-0.7091168256019166,-0.7692402993936972,0.8490130300382751,-0.5165114338307907,-1.117729623501294,-0.05007981306937498,-0.7683675825079426,-1.9790048532724447,-0.8258321175552715,-0.8595967193564985,-0.11063813962600731,1.689361887638858,-0.1645159808194426,-0.6643410549904766,-0.7003643790415953,-0.7591044303271082,0.8473924216325129,-0.4986775131343792,-1.1187877612545152,-0.07848101232340154,-0.7478944698574438,-1.9666422364965097,-0.8884412271509271,-0.9130664011533193,-0.10413538189575978,1.7001195139376915,-0.15993300876803054,-0.6665130976244797,-0.6907554845970678,-0.7562269083521163,0.8676723541261872,-0.4632219375753231,-1.1196731820752706,-0.0422193028670592,-0.6875719728391096,-1.9298266655285212,-0.9120130835716543,-0.8238894116014562,-0.18627840143585644,1.709014796421235,-0.13855146434935744,26
7,-1,-0.6748724595323634,-0.5564545687146751,-0.8300874970867895,2.4745859782725073,-0.970714637626212,-1.710457063926432,0.19371262461313976,-1.0363310941997816,-2.414181186049192,-0.856745356116688,-1.2040442215373421,-1.3373344994370477,2.046571902637214,-0.16910038639285907,-0.6766924421991439,-0.5588318289503668,-0.8319313844922664,2.4920644212377274,-0.9677820944489095,-1.713572064492262,0.009869686191335337,-0.9683454451822323,-2.416999729882745,-0.9245970357394674,-1.1767877368262591,-1.2868665341871266,2.06066893236469,-0.1639880501821053,-0.6794820469267779,-0.6054692763019172,-0.8257939277290891,2.4745638382295474,-0.9381190017993984,-1.7164051732999313,0.10449459721918958,-0.9388537518694609,-2.3956783827482346,-0.953419736520594,-1.174058009262107,-1.1795404445985602,2.0760122719879006,-0.13550427893522066,37
-2,0,0.2639687991073784,0.6372227401778726,-0.5787811024323034,-0.765446285555898,0.628099577836292,0.764742705430386,-0.05823717826991785,0.5647215509303689,0.6410801334620067,1.4638501476882766,0.12518086923163502,0.7117001820438452,-0.8552541182235107,-0.05882097814115968,0.27408143703008275,0.6534975602755968,-0.6053111411620274,-0.7504957908866937,0.6319288437355843,0.7603597863425574,-0.1073738264771918,0.5365680638234133,0.6447593837437962,1.427837612724371,0.112933840563587,0.7312992491421612,-0.8456933403053618,-0.08771878109265217,0.2739376819417833,0.6426491754519388,-0.6227770154413403,-0.7466848133896958,0.5957918174519578,0.7567079299000441,-0.049895584164646685,0.4396696664879621,0.6479334630576721,1.4461682727653693,0.13195569984877553,0.6778307719261913,-0.8418666296726549,-0.06791316838543543,23
-4,3,2.1467893350461322,0.6799750722153369,-0.3901765569789886,-0.9352481936310124,-0.688659933485786,1.3398617094170857,-0.06158916054783272,-0.14214708858015537,0.6583660252998069,2.0170542644781784,1.331754096120513,0.4027603951737841,-0.8567267320184928,-0.5240649090172717,2.165332247441977,0.7534911821557178,-0.39247468161538557,-0.9289780851227043,-0.7022506625885352,1.341430985770687,-0.11775746792010883,-0.1385131805481987,0.6584990554007346,1.906200641282162,1.3447490340113584,0.4483449991395284,-0.8522568636055649,0.1267485001075003,2.1415389078634366,0.7707560400673183,-0.4163712895456275,-0.9256206388522209,-0.6944230620468258,1.3433738053979871,-0.0533583091770148,-0.12971411900172056,0.6598227614882669,1.8350642739373364,1.3338362013239218,0.4207441818317759,-0.8516863876024829,-0.006409750320177228,23
5,-3,-0.6218187659725993,-0.08302156168677825,-0.7579158896671278,1.292797739716917,0.3123736804528183,-1.4657167507726276,-0.047760528105044796,0.25934158357208403,-1.937188637095638,-0.7485544477787733,-1.1846836704243928,0.2097932845967848,0.9399513790847184,-0.1280364977012736,-0.6241775557534813,-0.08530827446408282,-0.7269726821289177,1.3476046046687555,0.30040394140750176,-1.4769093666392497,-0.0697647289804925,0.15499373058027,-1.9095182541231794,-0.7636842286663105,-1.2405611561890242,0.2362353245710839,0.9331945282584805,-0.12221857568312824,-0.6271969450993394,-0.04757022073441321,-0.7160296614756063,1.3035118707620057,0.33607896282872274,-1.4873829578736906,-0.03942804352053242,0.1647123287700914,-1.9038611004979507,-0.8004856527786299,-1.2189930639085849,0.2840031587170466,0.9134897813615764,-0.11649053844367827,20
-5,1,3.1980866891477984,-0.1096338797435602,-0.6479320719859551,-0.9534508425647225,0.5148470963484713,0.9017347231111158,-0.06088864045422538,0.046878460888670107,0.6583660248611225,1.6486634935042108,0.12728508748944392,0.8165618959142878,-0.7823503799978119,-0.12672219699602807,3.1746519375174107,-0.10993380108668391,-0.6431156102841153,-0.9467414022450735,0.5564942165153989,0.9028395766529786,-0.11599895882533932,0.05256674163490181,0.6584990550286213,1.6025762479892927,0.09809918898025503,0.8426693800529216,-0.7748387535724132,-0.0795392292065185,3.1662541772920743,-0.10940636912250576,-0.6466943005956726,-0.9402325416763139,0.6312413229318868,0.9035238261743392,-0.05359275892006287,-0.026178522082176393,0.6598227611510051,1.5897119862519613,0.021074961425559497,0.8733311681780759,-0.7720090253184748,-0.1262362947200156,12
7,0,-0.6737340526492684,-0.7466203997183579,-0.7639648148193157,1.4624709883854237,-0.761598657000207,-1.4835626038680767,-0.03919268883633268,-0.7134935778459266,-2.331552920202094,-0.8504708488328461,-0.5576770959558444,-0.7643459955007355,1.8995139671233932,-0.176585311925433,-0.6753605990592074,-0.7423866151373106,-0.7675866784204769,1.5073787290373142,-0.7524283292962828,-1.484007942541445,-0.04840965944185689,-0.7786649313555,-2.3285771478246016,-0.9166908139011201,-0.596758977331141,-0.7872261008694782,1.9175808554776204,-0.1783858254111485,-0.677780799320329,-0.7422735263412855,-0.7656574045867571,1.4862019604707195,-0.7085697943518479,-1.484701162347524,-0.0353761259330572,-0.7041149249007119,-2.309618970555005,-0.9444291685830103,-0.5739278253295758,-0.7357636347733997,1.936571396624002,-0.1500379546880256,36
3,7,-0.22781084912367358,-0.11247696343234963,1.9064701705312395,-0.6911372371006871,0.13551518725623285,0.5647995572135825,-0.05351754944373271,-0.2521467277102231,0.22096657198696806,0.38444244215711754,0.5645243158834607,-0.22974203276296554,-0.44848941263831094,-0.09834746086664406,-0.22884240139782744,-0.10826862822509539,1.930439203180724,-0.6895488957383936,0.1350164535569996,0.5618046457224593,-0.09274186564805084,-0.3380485300447846,0.23755147717448516,0.4182783980479538,0.538136707844125,-0.24476565756160493,-0.4557630311707559,-0.11486380542918465,-0.2352993882712763,-0.14425142079259853,1.8873896042687852,-0.6760308114784578,-0.003520949811456202,0.5589137418054609,-0.04805006861332614,-0.3639513983353685,0.24133320948304807,0.5462714243968411,0.6292713718563485,-0.24352769937398844,-0.4570182452387182,-0.08496411353022325,10
6,2,-0.6283416955064722,-0.5469805358194042,-0.48793104672771415,0.6251377712217063,-0.33320035704640766,-0.5496755107676924,-0.044515079036525136,-0.6643286116898581,-1.1557893725408508,-0.7260110125805721,-0.6556361320965448,-0.1374226855632254,1.4730262901107358,-0.16123448199255228,-0.6300689339061747,-0.552985330920675,-0.49592131033538334,0.6382284699045909,-0.32604458743683573,-0.5434098457507016,-0.06468662736576883,-0.646242404832418,-1.1039704570085904,-0.7804719085686471,-0.6916781930783854,-0.1489688700884039,1.484864456462743,-0.17063997746809798,-0.6315654550685993,-0.5673128018603059,-0.5127867870146692,0.6196536280458022,-0.3193424004658807,-0.5367737113146709,-0.03966569394050813,-0.5786665937129212,-1.0715068115879856,-0.7885216312229935,-0.7102211467778463,-0.15220324844817676,1.4961662356479632,-0.14590562996989734,24
6,-3,-0.6563544651716923,-0.6262720305392037,-0.5459914654390181,1.8118753145201205,-0.15203651337134008,-1.4215921954784894,-0.045014765744343474,0.10441189309595698,-2.1255292474567233,-0.7740564320363725,-1.7743581957831516,0.32398737817288714,1.7326055262185442,-0.11168030003980622,-0.6580601583862327,-0.6463310124693306,-0.5664112804075531,1.838403332256096,-0.15346428526223801,-1.4272871779855565,-0.06675436464599498,0.11784493332682035,-2.096022679093213,-0.7966511874931913,-1.814485866992178,0.343557738669326,1.7453384971921733,-0.13097142467600245,-0.6604637635755343,-0.6563954716199322,-0.5481002659623986,1.839980002835181,-0.12746421035560104,-1.4322138142555592,-0.03580633275244412,0.03389121782063027,-2.105248449032013,-0.8280516592691679,-1.8194499547733916,0.3842572839073435,1.7597440329825618,-0.11062039690757663,19
2,-1,-0.5018516213276758,-0.10511993753477346,-0.4251309399436184,0.028131383871865503,0.08304332884465417,-1.10485088219422,-0.04613976363266684,0.6179692681775444,0.31146144417555743,-0.2647912179019824,-0.04173392112703648,0.03937562225254338,-0.5480541936229976,-0.0957516174425332,-0.49900560198919375,-0.1345980349793104,-0.4299117097319908,0.006083035811131016,0.11899769543936699,-1.1086888220617919,-0.08431155609377232,0.6325739487546547,0.3597139128946847,-0.2823736236807493,-0.049151862156561574,0.07162117953443957,-0.5419812302328721,-0.1240729544215879,-0.49726545493447405,-0.1450349945195111,-0.4480263131592468,-0.013249714636217168,0.1185556775491732,-1.112070616208094,-0.04102259744759011,0.6567877203860009,0.3928093502117543,-0.18446256077672332,-0.057539637452813604,0.06410080213463162,-0.5322761028629956,-0.09839089902910785,19
1,-2,-0.2886360531907525,0.09296940345360104,-0.2611187426911701,-0.3665999638376508,0.6864556905879946,0.22301773337243258,-0.010994554894066887,1.056177843956528,0.5345294730311257,-0.46491558477986683,-0.41792887602638157,0.6315571156710428,-0.7179526204212435,-0.028573210559670596,-0.2806197265129348,0.07800564991171365,-0.2783584081455554,-0.39109917065396893,0.7112854737261811,0.22106146454710884,0.006269470808196193,0.9689052047605571,0.5524431419938581,-0.4579392483290073,-0.38579733909459246,0.6436214317404185,-0.711879734921438,-0.0486209729828134,-0.27251987132570576,0.10929900890746831,-0.2606822788979165,-0.41227561716556205,0.7451575057033446,0.21788308288952296,-0.024954622672471994,1.0292463451487004,0.5452232596138215,-0.42572884701200936,-0.38777173025113293,0.6514342368384357,-0.7042743598564898,-0.017844720113145102,21
-2,3,1.6843730429052515,-0.5905176772164314,-0.29973329764686407,-0.8906809296465652,-0.32845658510494335,1.1148553454943582,-0.06135179096839224,0.030914588759110014,0.6583549897482471,0.9360688845430188,1.13380425165353,0.16935478525247416,-0.8174315068593803,-0.054503030095927336,1.6899580686343678,-0.595902593791016,-0.32513682015527473,-0.876731705811794,-0.33450166152277166,1.1127936973204906,-0.11671800703432328,0.029982253763303476,0.6584870612213041,0.9574119083316526,1.1367935502351734,0.16950218215791882,-0.7992496960002564,-0.13541304087647105,1.6964286052895219,-0.5993057348515581,-0.33510136205777274,-0.8742921239697272,-0.34854613487914454,1.1108874899504217,-0.05390250540997374,0.021791737196823653,0.6598146947342384,1.0634113149920759,1.1353905094172003,0.1583991467240139,-0.7763556510749068,-0.07630596593514155,21
2,0,-0.41854075117701856,0.1792858631725475,-0.4155035634928594,-0.23079739343690464,-0.29636055693786567,-0.4650566849494344,-0.04796940052148958,0.28887854110601624,0.4670278042979508,0.1780145987389559,0.26723157126785574,-0.4989650538248178,-0.5393097700266595,-0.004185122560241087,-0.41469579447609717,0.18325809301656995,-0.437144075016952,-0.22976997632782148,-0.29829931579358987,-0.4717246531804461,-0.0895331519900259,0.26891908963640776,0.47558016929976515,0.1856589369922325,0.2563417409432115,-0.4981233783800379,-0.5413375736038959,-0.04160132182347862,-0.4129401642851278,0.18198338480448378,-0.43303538045690104,-0.24798646185113868,-0.3052737915626355,-0.4776028746310356,-0.043365345734048044,0.2517688131942112,0.5004181345775635,0.249174598251239,0.28055812681712033,-0.49929388761831656,-0.5324259070035687,-0.021348748030495905,14
2,-4,-0.4980718821091737,0.1618205479547242,-0.4000940796248243,0.032873834306780605,1.412904226554211,-0.5241448781984146,-0.05356932380191929,3.213985509538814,0.09026181251453609,-0.34400043743948566,-1.1288328851364244,1.3156279789091776,-0.2904913281542806,0.22028667426604695,-0.48828710578988394,0.1884152808455685,-0.4249593493728391,0.0030345496051990086,1.526008970598291,-0.5163688641512756,-0.0916226851289494,3.433164341247942,0.1342780573659777,-0.3299742774181858,-1.1773334911033517,1.3384570279807118,-0.28251406719697103,0.2525383758734327,-0.468473899177638,0.1239735314490248,-0.45511777096696737,-0.007011644426747904,1.5336541985150791,-0.5089597889975693,-0.018822180684176317,3.2829292842820132,0.2048349567106645,-0.27862027926500865,-1.1967462373877726,1.334109693504905,-0.2782415584420028,0.1130483832574481,17
4,1,-0.6069934690478769,-0.6883885753801866,-0.7943664862970006,0.6614586434001444,-0.5630275786198857,-0.7500158972180532,-0.05188799540746,-0.5645111102073261,-0.4386442756894303,-0.5659145647600776,0.057270098868134195,-0.5014526868488606,0.7358306070503557,-0.15256710124272474,-0.608161944306998,-0.6712968484071581,-0.7604095327436355,0.6613071533202577,-0.5535125416734514,-0.747488144702336,-0.08806689187441089,-0.5308879758937268,-0.4033734588301069,-0.6167452810574982,0.04974389174532019,-0.5386906727352476,0.7282510869403176,-0.15478078275470908,-0.609837696902952,-0.6745687736193607,-0.7462248784190393,0.661729448593986,-0.5495069016992253,-0.7442707670799477,-0.0444669588867524,-0.5090824459394054,-0.3392656291094688,-0.6190483316680222,0.05971202060141154,-0.5154333821348519,0.7177890806571063,-0.134683050289555,19
-2,4,2.6482169134469062,0.09236589740246057,-0.5385462912462768,-0.9377889866324551,-0.2653484264946571,0.9918471743806472,-0.06111833250681988,0.20893422548698484,0.6583484946617852,0.44971932070162546,1.216430619869389,0.6198441330667794,-0.8928773633409051,0.04602910137509023,2.647665450163065,0.1020791293740388,-0.5652388523173801,-0.9266708626778367,-0.26845106334662777,0.9916661406235764,-0.11651649217703426,0.21511749298945315,0.658487452844781,0.4721120751264975,1.2119831382728257,0.6400544869177343,-0.8864328226970994,0.005802368722746439,2.651782281945372,0.1054501362857444,-0.5729687425275265,-0.9257612481492937,-0.298075275971427,0.9915571482334333,-0.05454067669947605,0.19786218700615532,0.6598227073277875,0.5541333183517323,1.2218078231106242,0.6057472764872622,-0.872101959518456,0.0015018879113259317,9
-3,5,2.828307037708749,2.5579056650880325,-0.3254514498403879,-1.0259591942685244,-0.4410021040391499,1.060420391424295,-0.0616826763576138,0.12366161778399239,0.6583471131464812,0.7989387924661375,1.4338095403606979,1.2044279181362005,-0.9116280492876034,0.6317660017398457,2.892883229370396,2.6298574606394953,-0.36601209062754886,-1.016131557797869,-0.40370673516073324,1.0584228276400476,-0.12094478680873325,0.2673392695432218,0.6584865736075488,0.8363001123254793,1.3909358913767458,1.3085009966895678,-0.9076918008304767,0.7783884883164367,2.928377026500065,2.6668651689776,-0.364775407536906,-1.0113838666068427,-0.42996219289638765,1.0568643963264523,-0.05559324243827751,0.1663882118357709,0.659822703535846,0.772996578772651,1.4072000817316517,1.2819799123326971,-0.8987445974816591,0.43119031228258314,10
5,6,-0.4412827755196954,-0.17815206555228308,1.6446020777110946,-0.09719797805663734,0.20263202236700043,0.0553415451753202,-0.0031587213978562113,0.17622914614289611,0.44042816142296853,-0.5986600902698908,-0.42234932995101787,-0.15061635387982816,-0.5384742409000255,-0.10413501000804916,-0.4407215390535515,-0.15867409243721514,1.6052109309799183,-0.1468765818185387,0.19437574743087838,0.05834970880625365,-0.02594631261824464,0.15420727818557192,0.46073333853800835,-0.6005678229962329,-0.36147283965294763,-0.12175656402477379,-0.5543776489637956,-0.11454402897970432,-0.4352755789795196,-0.12791739573706734,1.5711351896818329,-0.1553063603414817,0.20040322092156318,0.061046380448336185,-0.02628782638115591,0.19132003582898788,0.4595490069661681,-0.5859822536489541,-0.3672919050847487,-0.10352224238613628,-0.5676110462751759,-0.08032157909602024,8
8,5,-0.614536810433807,0.47528099140224195,-0.5228216203290822,0.9495508838231372,-1.2335349416950718,-0.7326369766544518,-0.05658387351189174,0.4410989879371856,-0.5352623695180518,-0.6305989301099656,0.6529182632438135,-4.329437794186674,0.7685073818703484,-0.1798659315615088,-0.6163765874598282,0.4265630630066042,-0.4800216146919153,0.8880106014955053,-1.2071045940992025,-0.721929999157389,-0.10175804485061632,0.7103595856973953,-0.43727470082500025,-0.6316013733705046,0.6855755203399343,-4.159210213829013,0.7610130667018649,-0.17988818177967492,-0.6168715431619793,0.3995783513933844,-0.44848994690720617,1.0573147069564333,-1.219100121465844,-0.7109221596123566,-0.050296326229880645,0.46557315559777307,-0.4809269628643601,-0.7007423015962332,0.6188907842042402,-4.26349220085201,0.7483137064016829,-0.16184185568330237,22
7,3,-0.6400911875297822,-0.4070228151826079,-0.05017046669285071,0.3721226181850864,-0.19398364727150752,-0.8756575994096132,-0.03644862039787475,-1.3824931384592742,-1.357070507484388,-0.6551466877327677,0.036187712887465966,-1.1025216162603158,0.7727296361942845,-0.15203123115831302,-0.6434077133736363,-0.4751997270924804,0.04497818477901786,0.33927560116249056,-0.16125226116554112,-0.869836184087524,-0.012044038468399612,-1.4340260657378845,-1.3416493560686686,-0.6864583284860843,-0.0007310498692051811,-1.0505634774539694,0.7823363549410174,-0.18147527615810466,-0.647110214562444,-0.4759333678016466,0.07747775823124976,0.33789777851744784,-0.15404298623271992,-0.86523565056678,-0.01937371875209446,-1.4540667330805752,-1.3322863857805227,-0.7081297950979226,0.04043864860190713,-1.1600868125422217,0.7869335334380363,-0.15700379339607143,13
1,5,0.1108140857120665,-0.3248171877526642,0.5588078768472566,-0.6605563196500364,-0.3987495130030968,1.1347853256830058,-0.04834908324892409,0.03140785277686335,0.5896742793284545,-0.5933207857969173,0.8204907603810319,-0.5258132399311546,-0.3445869781415308,-0.07604241431368848,0.09409790681639653,-0.3050543981669083,0.5214618347170112,-0.6517912617441743,-0.42492424653673,1.1343997288773637,-0.07916846983550775,0.11842233446176324,0.5936897839937616,-0.6153158301463015,0.8043339569153984,-0.7118760706987637,-0.3462655543633469,-0.04715930716651248,0.12171317783392031,-0.3375694723651339,0.5102078535898549,-0.6605662975306552,-0.43983783693572925,1.1339545395487511,-0.04683393422799891,-0.025495126101722932,0.6029497238092514,-0.5880296218910087,0.8153015098879003,-0.4248933767093874,-0.3462698363433962,-0.03408351597793122,8
3,-2,-0.5752213061574346,0.3651109665110332,-0.7307535398341443,0.6906350856575315,0.37256092884481423,-1.0928426695325937,-0.03415667995490029,0.755470038857074,0.16182419502063922,-0.47566239842790975,-0.8107527109943525,0.06425298727904995,-0.37959365799166195,0.03794001787839429,-0.5744192919088843,0.38518648822710516,-0.702319270958226,0.6524288061902718,0.4328900145267595,-1.0829318676079769,-0.0794637192399862,0.8130350116898675,0.2263329871585191,-0.46278653899615957,-0.8254237419747065,0.12264629041785838,-0.3878193487358983,-0.006555045941226922,-0.5735237838627691,0.40184577632097307,-0.6931730773112641,0.6273674937470642,0.42895633209229467,-1.0741407563308214,-0.045244800486588785,0.819012626165325,0.26093884740629264,-0.44605873855652894,-0.842584848439308,0.1082017736065181,-0.394166168691085,0.0411908153887283,16
7,4,-0.628099334257659,-0.5288150716371225,0.9173400789082102,0.7292524327001564,-0.20114450400242895,-0.22298203781332093,-0.030853877277685987,-1.1639139125541056,-0.6609886978671955,-0.34666880298030567,-0.20393286403542468,-1.5915100253260543,0.24696026095512205,-0.20331423271856752,-0.6313060998926143,-0.6246071265204752,0.9562900924081985,0.8250246520507061,-0.2662994169385609,-0.206479349471479,0.03971423345060756,-1.1684670773143668,-0.5981476686464644,-0.40429318931853137,-0.25532064985022995,-1.4357035084551837,0.24207239749369422,-0.2102930326212116,-0.6344478399119342,-0.6506290390683444,1.0047199183511306,0.8880750273998815,-0.3064325593583066,-0.19784935504310483,-0.014093217709963295,-1.106316095081735,-0.6052114472730835,-0.48438950744224524,-0.26989432963640814,-1.5504186789977659,0.23504852310497604,-0.18552788227301373,18
4,8,-0.04784054618570494,-0.3611701037325025,2.797540802673776,-0.7216163005143069,-0.5725991355658282,0.5944064413180936,-0.05798296383147142,-0.5112821576497595,0.48536927685116116,0.7834024505748026,0.9583549587321839,-0.6134406135836852,-0.5625570469939695,-0.16512582233951031,-0.0630435780459706,-0.33856766219440604,2.903863493761446,-0.7118408647144627,-0.573086933400484,0.5890844966732746,-0.11076755523485285,-0.5412923920130575,0.48989731893189836,0.7643370068245283,0.9300351412299374,-0.6189078454616701,-0.5626849348297853,-0.15540087966016217,-0.0730551667250435,-0.3220714648469997,2.875855224776763,-0.7011534862267873,-0.6043666933180973,0.5838701974032444,-0.05310668621932133,-0.5756329932501368,0.48824234743327094,0.7946262286984499,0.9276209862567685,-0.6175966443390624,-0.5605956281302293,-0.14423944231331987,18
-4,1,1.9633947880302254,0.1882101311999075,-0.33330781833233014,-0.9461134689556571,0.06813567605388718,0.7383195636444176,-0.06139348869745913,0.1498136247822655,0.6583561221398695,1.7026877420844169,0.5485836129633269,0.5004866835779933,-0.8838367392716316,-0.15925693784225256,1.953404363665804,0.1963538770380749,-0.32686102626321445,-0.9349340234919844,0.05487726605527965,0.7340184339531719,-0.11728547782051542,0.15820315809758628,0.6584906048302275,1.6139591428765445,0.5527690288902036,0.4981743464327732,-0.8713281936340816,0.0035547969179610403,1.9396679069891072,0.2166846527624197,-0.3432600794547517,-0.9315481225462158,0.04850766100338674,0.7302452850131108,-0.05359677460120251,0.14463844325506384,0.6598151854826568,1.5908039008914983,0.5473639942603242,0.4762889025139821,-0.8622350110852051,-0.14370353618227427,18
0,-1,-0.22987434995740394,-0.07962426296464307,0.01416883740503065,-0.5126876399230003,0.380184976681522,0.42087169998093554,-0.04238041671046849,0.5539397395786423,0.5884815703322638,-0.18382403143935117,-0.08696539010970863,0.44183639154728493,-0.7786029206304221,-0.04860931282361526,-0.22105166682686794,-0.08606871611701768,-0.045974459133494405,-0.5273234400217279,0.3979103856370219,0.4212368547722358,-0.0737075550635404,0.5721134249433035,0.5887206394380644,-0.12042533627203718,-0.09379241860712817,0.45085467532631057,-0.7691114671102944,-0.0513348096944229,-0.21088528168884677,-0.058459358670886905,-0.0659870316304051,-0.5428986132562684,0.36575794711297693,0.4216134315119409,-0.03889954372757403,0.6337653549622846,0.595887610523318,-0.029235037631631215,-0.05386247759487392,0.4262864515044626,-0.7509137158895346,-0.02901207759530477,14
4,2,-0.5589035914952583,-0.3760288100753698,-0.5841251333848735,0.21561773384129515,-0.11681859534601942,-0.2783616675337651,-0.04704780814658063,-0.4909271087505617,-0.17243333608029143,-0.6887069960890247,-0.07817813372101948,-0.4683361667251342,0.36588198508918324,-0.11205651685721187,-0.559930698279818,-0.3753921883321629,-0.5559557326739115,0.21529793772402625,-0.12427674289463649,-0.27045192471877133,-0.0780124385542856,-0.5409442502737868,-0.16220085975085383,-0.7324855205081634,-0.05945105350704714,-0.5103283591859936,0.35412197578187127,-0.14268098754215697,-0.5605277029372554,-0.3670662147872031,-0.5615286690480216,0.19543289276492173,-0.11260814700275845,-0.2621025868930113,-0.042737990864991006,-0.46596651485915747,-0.11267516260598598,-0.7304978121887026,-0.04907825576724927,-0.47347612783879944,0.34195953788578126,-0.0991848021629486,28
4,-3,-0.6314280231026761,0.015580651753943886,-0.4970152561998314,1.0624104650079533,0.11625398739213037,-0.996808126976332,-0.02174365210565509,0.5785054880793649,-0.8736406431805429,-0.771817322207679,-1.0462960736763651,0.06431692749576497,0.5132379362187686,-0.0709866474460761,-0.6314248789503822,0.03445955635909265,-0.4894478079467217,1.0270396765012626,0.13135347229351746,-0.9971533554691456,-0.04780883452515236,0.48264984009590944,-0.8102519660081071,-0.8156969629461425,-1.0449713200843758,-0.003352094081803389,0.4962998715229284,-0.0841111269297361,-0.6319108991865209,0.06722636176075733,-0.4516619626782571,1.0292048831183247,0.13267235084869192,-0.9972692550278187,-0.03753503356272229,0.4884422554804468,-0.7678908505731523,-0.8259242516155845,-1.015206495690547,0.01858741447878829,0.47475729873054395,-0.040626670362723126,13
5,7,-0.4581466375192537,-0.2540278049705161,2.9018549223816663,-0.3870946261323339,0.22595743584782674,-0.3438410525452698,-0.04657523703245932,-0.08547191384252702,0.16997796623727374,-0.44767003714215614,-0.2136389141460359,-0.1371714939932644,-0.2952981602208418,-0.10393907234837536,-0.4595233610041349,-0.2710489638131236,2.926899436118799,-0.3772189762992384,0.19210083180154502,-0.3422404688695731,-0.08256441190540163,-0.13786583007887282,0.2141808462186309,-0.41180151538058346,-0.18054035727320164,-0.15133236941746228,-0.30728587080039527,-0.11227409920739345,-0.46052171253790813,-0.23024604370505972,2.974900289076144,-0.3658435069981339,0.18220991837665143,-0.3411220406807016,-0.033037328290907074,-0.1421439075577002,0.2607150816604578,-0.41734549056265857,-0.16865785252577084,-0.1281285036331164,-0.3247497266340734,-0.08693682103163003,15
-1,-1,-0.28933217299591474,-0.1376152661063349,-0.2514230694170365,-0.4659210252978403,0.7516083086289342,0.5189426298699463,-0.05020433312243383,0.031603594554376745,0.5262544236490877,0.3779400911786945,-0.19905973801812904,0.5482278258466137,-0.4593420019674887,-0.14432312454663584,-0.28334523622669877,-0.13617403418031815,-0.27511074223711884,-0.45620054886229344,0.8145637787142427,0.5223837837694989,-0.08568453466985239,0.08637302516006075,0.5413458430229765,0.4302886830799118,-0.26156267719931553,0.6023130497564149,-0.459287044194138,-0.08042419418799508,-0.2785307691237224,-0.1421454304196199,-0.27917668381516647,-0.45696285250818713,0.7562823038345936,0.5272684709557464,-0.04460819923249067,0.11106367514726513,0.5623936633549842,0.5065164789234494,-0.23567078159889054,0.5596096727462043,-0.4552531901666069,-0.041789521933279596,16
6,6,-0.5566338981742401,-0.08972410257294332,1.7185794412693618,0.2715751823680155,-0.21267813535187152,-0.33302176425607594,-0.046252983472787716,0.7878475176074446,0.4043243439379112,-0.47983591540785325,-0.36996199959266457,-0.8503395619566734,-0.5755822539939448,0.004013320809394525,-0.5551515356007031,-0.09104195845507863,1.7342641125048381,0.16225755479570905,-0.20569413337966297,-0.3319072161247842,-0.07979696427147472,0.5776178397516684,0.41065069656756986,-0.4500979216462332,-0.2668188805858994,-0.860091550357539,-0.5719775757972274,-0.00867145888361333,-0.5508630972088365,-0.010638076155207338,1.7989362817192571,0.24910933437292235,-0.16362754823918976,-0.33025775164929033,-0.03516807592074749,0.6744958259577098,0.411193219560562,-0.438163520236767,-0.4088188998776555,-0.8463778306034476,-0.5750259143308123,0.016307491086685395,9
2,3,-0.33460468651065556,-0.7115550588301025,-0.41554085421068043,-0.5125806039770058,0.20184105070592218,0.6868532646388305,0.6278757245461735,-0.5160211487258926,0.3779447095061262,-0.6674058574836862,0.427093227475424,-0.16983787711766732,-0.26785256379207684,-0.13117679719825867,-0.336837350527526,-0.7406565188404515,-0.3936907876371274,-0.5335140273307576,0.16035008118535923,0.6899508519168183,0.1436000476887952,-0.574738775746466,0.3915031817249209,-0.6922180990148012,0.4397324082591325,-0.2411440296379866,-0.2754297536953886,-0.14499026576177967,-0.33436809715091975,-0.7414838243192019,-0.36363610132168583,-0.5449673046363657,0.17630122172060173,0.6931371430806748,0.04458383141110071,-0.5246172612139599,0.41561663926878994,-0.6938714109732763,0.4682885943546477,-0.20966220920327042,-0.28363213190390596,-0.10676705876690701,15
3,5,-0.38595454924039657,-0.08272998741979579,0.6554487555557451,-0.32512937165626504,0.2892554416923152,0.3782826720089953,0.0651231062448018,-0.3184981009957175,0.5922890859226313,-0.739609187674774,-0.2182832768768538,-0.006487701939066627,-0.8485938839986137,-0.09202259051825111,-0.38265050290439,-0.10609666327251249,0.7136048847167533,-0.359935744859722,0.22900706003746638,0.3706772938294698,0.04594427561120389,-0.34227411928795987,0.5935644477171259,-0.7844038332233494,-0.1424425063713233,-0.015254908418664972,-0.8556508346446238,-0.0806176232057146,-0.3736445095539264,-0.0636513061250931,0.7107835399794087,-0.3821764051173879,0.2161862185485627,0.3635536465110334,-0.014132745902964039,-0.3381869612139922,0.5874654850112275,-0.7621170784171194,-0.13000494518052025,0.03013041748317657,-0.8571111386888154,-0.03978367283799456,27
0,-4,-0.4654567361390467,0.04977194130137971,0.205599113780773,0.03480144335794323,1.545210314482024,0.3187791494579995,0.6220734138821662,-0.23087727891010862,0.5402095206191668,-0.714129247712026,-1.1736349082822144,0.7067632422750444,0.05092307580525259,-0.1667330069285153,-0.4844831618335703,-0.032803125953935204,0.2397782981655111,0.05444504830059768,1.3968084589043097,0.31450967783747363,8.339531728290341,-0.4295601324858064,0.5397940514699733,-0.7595599184456916,-0.9458300737875831,0.5200625685768404,0.028412718285673787,-0.14170291890155265,-0.4948756334735834,-0.11024583633402153,0.38153479767615855,-0.03510268063417447,1.3765106278431734,0.31096016297725154,2.371242086598697,-0.08647014311192915,0.5459221445895733,-0.8465015249919957,-1.0399333454288717,0.50986389133976,0.014936000734082579,-0.12625544943908013,13
0,0,-0.26049552860566194,-0.41020330974645786,0.06254075505201209,-0.45949902600410353,0.3194417987079948,0.642254833007025,-0.049626104970903626,0.32108564983485305,0.6125394379381376,0.8878987340005029,0.05854952269359649,0.40633947656847313,-0.6173665760034351,-0.10245254680017092,-0.25777719972258456,-0.40835179071566047,0.04525895034559014,-0.4422742695200918,0.34419800198367745,0.6539145375540011,-0.06399848403664163,0.32133126437139947,0.6190491803778563,0.9284054796309812,0.03821178912273367,0.4163126883220468,-0.6101345560159444,-0.12684318244993423,-0.2596563698106741,-0.38569070661722304,0.029894713608239528,-0.45876604840806207,0.39127854706387727,0.6651147933661751,-0.03414614407272491,0.2804544477400684,0.6285737103088634,0.9858926848896362,0.003996445155849316,0.4266364901802665,-0.601729341317084,-0.09995254861098264,20
2,4,-0.07192691134373831,-0.8855211911367069,0.3591090615647136,-0.5744464408969487,-0.0629071544131631,1.1393609389146835,0.07503068301183916,-0.5969102193821179,0.5372424392209201,-0.6760070639041994,0.6280787829324546,-0.15174278693908982,-0.5076138291552861,-0.13635075691349213,-0.07385510989463093,-0.8861306116321939,0.4161402134163816,-0.582769472309285,-0.10117082379969294,1.139603181634125,0.017493051616583676,-0.605920133761753,0.5471988747154931,-0.6959472059746503,0.617864531536766,-0.18377379209002195,-0.5085887604989309,-0.1335689296631787,-0.06552765955981221,-0.8857823006851842,0.422045696512565,-0.57324104875875,-0.12004286222780979,1.1397898585903212,-0.020369526516519746,-0.6160953483454719,0.5541966145748762,-0.680675323464853,0.6061108020890611,-0.13267116533129272,-0.5096824317800736,-0.10757730476516046,16
-1,-4,-0.2667278408917279,-0.07261427438601055,1.1171937770378273,-0.5169825531524985,2.7512045636056954,0.9765387834932737,0.012306411205887997,-0.6811240245871201,0.3195505894891132,-0.46923631166776236,-1.649179184034887,1.5941835293709232,0.590277192669526,-0.1127364621719809,-0.28893239135908266,-0.037430169358200024,1.1083553008228448,-0.5193692874927155,2.7066419933907757,0.9762193658826683,0.6348437137922739,-0.7363959099197087,0.3091660015129427,-0.48085927071970136,-1.5186558337803138,1.4556735234710068,0.5862392941694351,-0.14358492090456335,-0.28752668957728744,-0.07344459535285916,1.1240139496422774,-0.5196660012011629,2.67374673595603,0.9756930047652042,0.16849995631964015,-0.637288809296326,0.32610073118659966,-0.5000200417298013,-1.550592647128508,1.52187272698995,0.5823556169504643,-0.10819275260899575,28
-1,0,-0.05977989105509696,0.12575226978815227,-0.489932803218031,-0.6756447543201528,0.49905302088088976,0.2965724644883464,-0.055961730638845894,0.04742577080474854,0.6363235665498072,1.2911938352913408,0.18453962511454491,0.551487958910359,-0.7148090846304173,-0.08038922146198425,-0.05269629639475533,0.13189247522273206,-0.5070190848720414,-0.660428547611889,0.5058015158472288,0.29806075485414757,-0.09529627890296459,0.08002320496681488,0.6392579574598414,1.2887038730794027,0.17476053645088754,0.5659406168889747,-0.6993873992626587,-0.11918552465873118,-0.05838633135262403,0.13511016431278006,-0.520272765293373,-0.6552167044728883,0.4961340065874045,0.3047022229547655,-0.04360817140025593,0.0028524691677599295,0.6445164369685026,1.3205496358237216,0.17106318928993425,0.5253919619428006,-0.689279828905335,-0.0675261306910537,19
6,7,-0.45823141016177865,0.28772585419744723,2.1698139480980734,-0.36088231884979444,-0.5952479198770969,-0.45141737054428016,-0.052285299711605664,0.6821859757657041,0.1750908731671899,-0.4637228614972247,0.44386572745717756,-1.5466692043814085,-0.49026172566108994,0.2733899012122445,-0.45756260060554027,0.21916524183485642,2.1882999831192227,-0.38649168838683523,-0.6081794213598385,-0.4542084777299796,-0.10373223039006585,0.35571321348497964,0.17925165900709847,-0.4568845355950149,0.4820292726639207,-1.5260227670460942,-0.48181913282983196,0.24248192284142586,-0.45493011744022943,0.15997432345322332,2.2181437699458595,-0.3798591957152833,-0.6227182151864886,-0.4569881638985582,-0.04544815315245441,0.4907516906795688,0.19462506721693604,-0.4216170621253999,0.50604075972858,-1.5119388613135722,-0.4851133775789352,0.32124630068573296,19
