country_code,country_name,snapshot_year,decade,bmu_x,bmu_y,cluster,GDP_per_capita_constant_2015_US_t-2,Trade_percent_of_GDP_t-2,Unemployment_total_percent_of_labor_force_t-2,Agriculture_value_added_percent_of_GDP_t-2,Industry_value_added_percent_of_GDP_t-2,Urban_population_percent_t-2,Inflation_consumer_prices_annual_percent_t-2,Gross_fixed_capital_formation_percent_of_GDP_t-2,Access_to_electricity_percent_of_population_t-2,Internet_users_percent_of_population_t-2,Services_value_added_percent_of_GDP_t-2,Gross_domestic_savings_percent_of_GDP_t-2,Fertility_rate_total_t-2,FDI_net_inflows_percent_of_GDP_t-2,GDP_per_capita_constant_2015_US_t-1,Trade_percent_of_GDP_t-1,Unemployment_total_percent_of_labor_force_t-1,Agriculture_value_added_percent_of_GDP_t-1,Industry_value_added_percent_of_GDP_t-1,Urban_population_percent_t-1,Inflation_consumer_prices_annual_percent_t-1,Gross_fixed_capital_formation_percent_of_GDP_t-1,Access_to_electricity_percent_of_population_t-1,Internet_users_percent_of_population_t-1,Services_value_added_percent_of_GDP_t-1,Gross_domestic_savings_percent_of_GDP_t-1,Fertility_rate_total_t-1,FDI_net_inflows_percent_of_GDP_t-1,GDP_per_capita_constant_2015_US_t0,Trade_percent_of_GDP_t0,Unemployment_total_percent_of_labor_force_t0,Agriculture_value_added_percent_of_GDP_t0,Industry_value_added_percent_of_GDP_t0,Urban_population_percent_t0,Inflation_consumer_prices_annual_percent_t0,Gross_fixed_capital_formation_percent_of_GDP_t0,Access_to_electricity_percent_of_population_t0,Internet_users_percent_of_population_t0,Services_value_added_percent_of_GDP_t0,Gross_domestic_savings_percent_of_GDP_t0,Fertility_rate_total_t0,FDI_net_inflows_percent_of_GDP_t0
AE,United Arab Emirates,2010,2010,2,-4,10,42328.8508165469,135.485709128426,2.811,0.732284398165927,50.2592548678862,83.3714299144178,0.877983288285867,,100.0,68.0,49.0084607339479,50.7771816783788,1.565,2.85854032456409,43687.7782783233,144.176786868982,2.596,0.650173172827368,55.7510208781767,83.5695007795347,0.87734659568512,,100.0,78.0,43.598805948996,54.0362147343059,1.539,1.938861867408,43958.5681120856,156.637694501481,2.327,0.627714840690063,55.356407543947,83.7643244751488,0.662268900269009,,100.0,85.0,44.015877615363,60.0688509109664,1.532,2.43554239157448
AL,Albania,2010,2010,-1,7,6,3579.82413181046,75.5325329687378,14.086,16.3586081914252,27.4749142839601,51.8815774292716,3.6271009151748,30.1746231779397,99.6,45.0,41.3131845921318,12.1799490123295,1.653,9.01744998049889,3677.89457937717,80.6989985298954,13.481,16.7202229491786,26.9409865024688,53.2917382892465,3.42807130141503,31.6903461775522,99.7,47.0,42.2390195525462,11.2475582362584,1.677,8.08329285826067,3771.84781862015,76.9683583166821,13.376,17.5913685516371,25.4077242038709,53.8637553661449,2.03159268395296,28.6230804126196,99.9,49.4,43.5059236088597,10.9682114407494,1.719,7.49597513325321
AM,Armenia,2010,2010,-1,7,6,2796.08143428043,64.642975973633,19.523,,,64.3304164043132,8.17636138473952,39.3751094408429,99.8,25.0,,1.69940622264701,1.5,5.7160373406455,2943.83687119315,69.4355736620453,18.884,,,64.3207449145194,7.65000807859294,30.7367448594284,99.5,32.0,,0.0846015358188323,1.5,6.44066805582743,3159.75860786889,75.9616759606704,17.511,17.9126819526397,27.8270946139077,64.3268379506998,2.55802007757907,23.5988356156116,99.5,37.5,45.6989324054448,3.21020668069,1.6,4.67672759828402
AO,Angola,2010,2010,7,-2,2,3540.79159568381,90.9940631355109,16.618,10.0913068588653,48.5501387093455,60.1310289535053,14.4696564932577,28.9194518919902,35.0,2.8,40.4058954859428,46.5548019219979,6.194,-3.37761927933748,3528.16824373399,89.0369443425845,16.77,9.55630602216444,52.1706630052286,60.8431610396073,13.4824679218511,27.4418409025884,34.6,4.7,37.8278152881355,46.5703660749395,6.12,-2.40838836782517,3682.35229322763,81.9394785486361,16.562,9.69697932366603,53.3611036467722,61.5114223949332,10.2779049218839,27.7888811657442,37.3,7.7,38.1528946330169,46.0832042779782,6.039,-1.02012839058611
AR,Argentina,2010,2010,-2,4,13,13387.1553748458,34.9710132635696,7.714,7.13216745078964,25.2587762576722,90.9930051940977,,16.6414661565525,98.8,45.0,51.4951802052167,20.6021673473589,2.411,2.67516171886535,14040.6189124444,35.2061549999644,7.18,6.99873377022519,25.2126976058843,91.1072286738406,,17.2482847013515,99.0,51.0,51.8119007511102,20.0907222034274,2.393,2.04465997872008,13754.4254235596,30.5265423717108,7.217,5.7817442068501,24.4290570649122,91.2041217246797,,15.8575254186347,99.1,55.8,53.6581179163924,18.4511630822258,2.304,2.80667189982932
AT,Austria,2010,2010,-3,2,14,43035.4073531933,99.6448825546716,4.883,1.29288595990855,26.0396419655738,67.1047429254747,1.81353438995062,21.8611554230227,100.0,75.17,61.6368683831245,26.0837024086936,1.44,-5.64539670207833,44146.1956805294,105.775098372378,4.637,1.46130648071081,25.8570853999006,67.1484255415056,3.2865791487538,22.7073592505649,100.0,78.74,61.6607142402264,26.9258148612224,1.43,5.3581277803896,44221.4599530893,105.840791389706,4.909,1.41768134316306,26.009804939464,67.2085909812279,2.48567562177015,22.9527434287837,100.0,80.03,61.3539590600962,26.8101627278057,1.44,1.2830027920872
AU,Australia,2010,2010,-4,1,14,53768.349733441,40.3905070860606,5.214,2.21824837320556,25.108230070574,86.2198600512143,2.91834002677376,26.9461352407809,100.0,76.0,65.7221133234751,25.7719392765302,1.928,3.08482804330762,54296.2321324814,41.7219860149689,5.083,2.30485962261499,26.461435749675,86.3268946146423,3.3038501560874,25.9432868336906,100.0,79.4877,64.6277803155417,27.4028602551038,1.926,4.67434620832808,55465.4462872577,43.0198495527558,5.225,2.27317856495351,26.3333149596521,86.4451259136625,1.76278015613196,27.3175908517662,100.0,79.0,65.156327929036,27.4460959358524,1.92,3.70774989384992
AW,Aruba,2010,2010,-1,-1,15,25429.2180974853,135.464654677581,,0.0204920878910203,11.5460620013165,64.1612965549477,2.07814071860787,,93.4,62.0,78.5445335192497,13.2548289035891,1.855,7.61167220218675,26093.0542083227,154.437786862887,,0.0203949029261921,12.3664483303712,63.9992605838571,4.31629742195203,,100.0,69.0,77.4233295663828,12.4808122720134,1.858,18.5057800383246,25444.7336646687,156.645197205944,,0.0214687486582032,10.0760634560669,63.8252085199599,0.627471992893373,,100.0,74.0,79.5391289840283,13.0844439583417,1.907,-12.0331802180755
AZ,Azerbaijan,2010,2010,3,-4,10,5300.11048729062,74.9859884610856,5.63,5.54456611326975,59.9948192629224,53.2848367714869,5.72687224669605,18.1667255386789,99.9,46.0,28.216178028965,49.7560343812551,1.92,6.337255132933,5149.20665913206,80.5080450059522,5.42,5.07622595138436,61.7339963903076,53.5085461893249,7.8583333333334,20.1776045466764,99.9,50.0,27.7128374486387,52.6137629123306,1.96,6.80050011965746,5193.17501119552,78.263069540422,5.19,5.13976950772418,59.5173508549842,53.8076442276208,1.06621339720303,22.4551866242143,100.0,54.2,29.522301196302,50.0030140454518,2.0,7.59651867931835
BA,Bosnia and Herzegovina,2010,2010,-4,7,12,3981.20985692032,80.9682159626823,27.312,6.79676215913764,22.4540096321725,45.7392153332604,1.99621236745887,21.1903790429319,99.5,42.75,55.5086584313191,-9.05683931772851,1.26,2.5840244914247,4094.25329541877,87.8363477136556,27.582,6.75774539555131,22.1932597066813,46.0528777644843,3.67125,22.4529460305798,99.7,43.8877,55.814728624189,-9.08033971068567,1.209,2.52952738058176,4139.91732773657,88.1451088628529,28.01,6.13767155368512,21.6232008180939,46.3655655972,2.05267452001717,22.3136710302915,99.7,45.0645,56.7861594532843,-10.9086895359686,1.252,2.27539881306156
BB,Barbados,2010,2010,-1,-1,15,21982.1839041348,,10.69,1.60499920675492,13.2789225969081,59.2366008990356,5.82421853311866,,100.0,65.1,76.3903823441273,,1.785,7.49770509942005,21842.8635599786,,11.19,1.56186540940474,14.1706839010436,59.236693205614,9.43220240177221,,100.0,66.5,75.9027740989917,,1.758,8.11486529224277,21036.3003366556,,11.59,1.64889047028092,13.4540784004027,59.2372151062924,4.53334753888766,,100.0,71.2,75.175520051376,,1.731,9.16515225346744
BD,Bangladesh,2010,2010,2,3,5,943.66422864236,37.8028426708321,3.379,17.0011812592919,24.9564767264585,27.7254372588696,8.12667639169917,26.2466561760577,55.3,3.7,53.4982962820487,20.8100238508802,2.38,1.06896766308322,995.579947155662,47.4208498356898,3.736,16.8099867573503,25.0452996007551,28.1100162712427,11.3951651552399,27.4209733686034,59.6,4.5,53.045792114203,20.622083666729,2.309,0.983399364184761,1050.39140404066,48.1109227490467,4.071,16.1775631732753,25.3099593902625,28.4787972894576,6.21750422069284,28.2623350097187,65.5,5.0,53.1515772385279,21.2237626301603,2.263,1.18850391920183
BE,Belgium,2010,2010,-2,0,15,39991.5646206286,150.162563621427,8.293,0.847918635049212,20.6595926026257,84.9719309583717,2.18929920422457,21.9382428923496,100.0,77.6398,67.916796056848,23.8882905740079,1.86,26.0596407490286,40236.9596308558,160.765516888126,7.14,0.726239843441003,20.7514599517248,85.2349607044689,3.53208210722742,22.7900061624511,100.0,81.61,68.1083915474617,24.2567698511982,1.81,31.0366884311298,40074.492800399,160.383301425059,7.542,0.84457469539348,19.9956487544689,85.4915403816388,2.83966343445899,22.8236232419409,100.0,80.72,68.6739965906651,23.3028789108688,1.8,2.36956900950954
BF,Burkina Faso,2010,2010,4,5,4,561.847221302489,49.0732385398039,3.723,24.1433866229434,26.0555520336446,24.115092498158,-0.764230734676768,20.1227742664708,13.1,2.4,42.120724852489,13.9488931730106,5.936,0.384492219825665,581.603658737407,57.4972531038508,3.827,23.043650452489,28.3722709055706,24.4682976845657,2.75976724854534,21.1137502536834,14.8,3.0,40.5626068793802,17.0172597414942,5.869,1.19074493368624,600.731343697818,61.2386079818398,3.856,23.7560050181575,26.8675103794383,24.8001912059054,3.8181524025238,22.1550536304438,15.1,3.72503,40.3188210511278,16.6105557514123,5.793,2.62145990530181
BG,Bulgaria,2010,2010,0,-1,15,6428.71742590538,103.380522321192,10.279,4.03250076157469,23.7541772436849,71.5149307250977,2.43899060504113,22.1822267262167,93.5,46.23,59.500569647052,19.3335361172415,1.57,3.63569636783254,6605.30851691027,117.41810388629,11.26,4.66136906796064,25.0301012066171,72.6101653885532,4.21990346601873,20.8392514705093,94.1,47.98,57.5905061435305,21.516494105316,1.51,3.64730034700454,6693.4277325127,123.971322714174,12.27,4.43014002376589,25.3837646988557,72.7684860229492,2.95456829831022,21.1224402920965,94.7,51.9,57.1818718497871,18.608311661358,1.5,3.29319904868212
BH,Bahrain,2010,2010,1,-4,11,22224.0736166249,115.561486449616,1.13,0.285542784290186,43.9268581860394,100.0,1.96188468334623,27.4117362251403,100.0,55.0,54.7856196764576,46.4427510529266,1.987,0.581105356633959,23288.0449398313,167.529641035854,1.21,0.279873967809159,48.2947958378082,100.0,-0.40004069748808,21.4870793889003,100.0,77.0,50.6068677586612,46.2407822957489,2.025,2.61026038592024,23894.8804447088,178.824020821684,1.2,0.265180259339138,46.3397302766462,100.0,2.75739669962979,27.1729554410629,100.0,88.0,52.4449503421466,46.0249886838672,2.11,4.83265436536461
BI,Burundi,2010,2010,5,7,4,253.308577749924,,1.616,38.4305452876335,15.3861562777509,10.9843097335487,6.49326591473993,,5.3,1.0,40.5940392163762,-2.93962088677262,6.26,0.0384119130803942,254.242110648215,,1.602,36.7043515146528,14.8097338415988,11.5616652230006,9.5921660597967,,6.2,1.11,41.7536789897869,-9.05462411385752,6.108,0.150057243665302,256.180393931874,,1.593,35.5104159871754,15.791005307553,12.2244596804615,18.1610453065451,,6.5,1.22,42.0859556112354,-8.25058060203897,5.991,0.0259911934949934
BJ,Benin,2010,2010,3,5,4,928.246655329144,51.4308599492924,1.04,25.8411354962681,18.0090531395068,42.8916891239353,2.20783532536524,17.6499967380481,34.2,3.13,44.5474397323122,10.3213311455577,5.452,0.561144747750256,927.716412836707,47.2170288118403,2.647,25.7970008253273,18.1374491115974,43.4616136137276,2.7042390774728,18.2263279960581,36.9,4.14832,46.9792375495936,10.9448410079114,5.436,1.50844050539908,943.918771531001,50.7367367791134,2.406,25.7689758312295,16.9566846878966,44.0475065829838,6.74468253340712,16.2040295951807,38.4,4.5,48.8721211959796,12.333042780336,5.429,2.52705777310103
BN,Brunei Darussalam,2010,2010,3,-4,10,33121.3178241724,95.3715460226132,6.455,0.733349877488411,68.6533507031802,75.2506559029998,0.356869132017561,23.5321395841361,100.0,53.0,32.5030436816898,63.1352159794216,1.937,3.50710078835613,33754.3640783713,99.5379309038179,6.442,0.572775314042004,73.6724144504971,75.312125504778,0.13791156316954,25.9140205339105,100.0,56.0,27.3573206532471,68.4978387903947,1.957,3.73105568458092,33544.5389457877,105.640902140819,6.482,0.655156683935105,72.655614353873,75.2714233503027,0.111766261400307,32.7660905395797,100.0,60.2731,28.2803646984425,67.800555813369,1.973,4.54055753809902
BO,Bolivia,2010,2010,3,-2,11,2481.40700850945,75.5116262512877,2.608,10.3899057010594,30.1439417460822,66.4075665659133,2.50327605844241,16.5722453451651,88.0,22.4,43.5524305510023,23.8703044907855,3.213,3.16542867647895,2568.5205166368,82.4803954243518,2.255,9.7695858816954,30.3691066361261,66.833715633176,9.88446419823883,18.9656256308952,88.3,30.0,41.013191725216,25.5185607113124,3.143,3.58442251378885,2657.23884915853,84.9487611684942,2.066,9.8121619148328,29.3342196293346,67.2581444827699,4.51560291399376,18.3628772434261,90.4,35.34,40.4434919386356,27.0566240728533,3.076,3.9135501461408
BR,Brazil,2010,2010,-2,4,13,8792.63334959864,22.7721781132208,8.422,4.11575648647055,23.2679773548596,84.343846036308,5.03872690108075,20.5346736503101,98.6,40.65,57.6129219702781,20.7603129967403,1.786,3.73001226987179,9067.99212019529,23.9344051765103,7.578,4.34203412828906,23.1020509677218,84.6225758599683,6.6364496221309,20.6089642091972,99.3,45.69,57.5681693213714,21.0568912992075,1.777,3.91517954138648,9167.49818450433,25.1142736103322,7.251,4.16832822424109,22.1336473645034,84.8973874181312,5.40349914036997,20.7167127710863,99.5,48.56,58.7336025082152,20.0580299003788,1.766,3.75496210868766
BS,"Bahamas, The",2010,2010,-3,4,13,30657.4319059659,78.6756024311196,14.432,1.09749043162674,11.4998771761611,82.4198104431593,1.34402738392836,26.6933841533475,100.0,43.0,81.1380222984698,25.8005340855963,1.837,8.63699216304667,30492.6738528071,88.3336891598687,14.52,1.09230471329484,12.0451419747876,82.4130347470308,3.1987814166032,28.3661603999821,100.0,65.0,79.8623696061248,23.2715519167465,1.791,6.61957509346653,31553.4919490645,84.2515204656543,14.02,1.07272116712063,13.0340285810231,82.3947485339925,1.97336755976254,30.3095033767397,100.0,71.7482,76.9411589119809,23.3452109995896,1.761,4.90812842804373
BT,Bhutan,2010,2010,6,0,3,2378.72810760985,105.010666693593,3.32,12.4128589573486,39.32493053906,33.9051967813552,7.03638316073019,62.7369005914119,73.3,13.6,43.0053074381572,36.6968763062699,2.252,4.40487201345335,2552.48871073094,102.795600221106,3.23,11.7996340560809,37.4178826768856,34.4637606688377,8.848985699468,67.7904383722062,81.8,14.4,44.7529435650107,41.2707945207503,2.155,1.57461513860453,2654.74798946027,94.0450271469571,2.05,11.5729895457402,38.2126912443455,35.0188644248365,10.919656944683,69.154926235591,91.5,15.6,42.3928113368956,46.9799193129622,2.068,1.2354733641673
BW,Botswana,2010,2010,7,-1,2,5584.5034321846,94.6390020873926,17.86,2.0910409188325,37.2789379627304,63.4945974665277,6.94887658743103,26.7648941191754,52.0,6.0,54.7364972019634,26.450674086574,3.135,1.7280613479871,5850.07858575461,98.9614677801469,18.054,2.11892300680962,41.4322152540452,64.0187810722889,8.45987233408583,30.1982921302029,53.2,9.0,51.7079246698274,31.1474352965362,3.103,1.94040749024403,5742.91924452636,111.875280620952,17.952,2.3148110827158,37.5753342991212,64.3993247826904,7.53690261091916,31.4658317333179,56.0,16.0,55.5813284118705,22.1682587995572,3.07,1.05040106491218
BY,Belarus,2010,2010,5,-1,3,5616.0941173307,115.917972989303,6.045,8.89193022882009,35.3917911979998,74.5501403808594,7.735748043125,38.8270843770422,94.4,31.8,43.4739988900999,28.333542563963,1.494,2.43465600372626,5941.68999156239,157.974255073313,6.022,8.00188774430829,36.0880730361763,75.0597534179688,53.2286983118174,37.685885856564,95.0,39.6489,44.138000618399,37.8461162915589,1.515,6.48031997656593,6052.6373706236,153.085269313372,5.946,8.13094268308472,36.2806503161792,75.5281066894531,59.2197360232518,33.4161102099333,95.6,46.91,43.2927264636013,38.381681931906,1.62,2.22818019245943
BZ,Belize,2010,2010,0,1,15,5937.75398343789,94.8581591507411,8.416,8.74676184244561,18.2141330384501,45.1914838193558,0.917977378808888,13.8767930078896,89.9,28.2,61.6120895941906,21.3396498227204,2.552,5.51460930694585,5802.24344531492,106.914960208874,8.43,8.86425886505326,18.8728848459132,44.9417819131729,1.602056156402,14.2446969324299,91.7,30.7,60.9175526201005,22.1975798228925,2.531,5.20581667105349,5902.74234696881,111.166652365429,8.379,10.3744672571643,16.1069146883141,44.6903068035216,1.30058074547858,13.548139661105,90.9,31.0,61.8058316187062,22.2209387332372,2.51,10.1300443506209
CA,Canada,2010,2010,-3,2,14,41164.3399119626,60.2081215044483,8.178,1.49323608111661,26.3511331619895,81.0120892252937,1.77687154092627,23.4612369646456,100.0,80.3,65.7334191252823,21.526176348072,1.65,1.83725638740881,42043.6419795513,62.4987387708328,7.637,1.76566446625627,27.1393405983891,81.1031425434213,2.91213508872351,23.5104953995433,100.0,83.0,64.7982061516417,22.9513833499712,1.63,2.13783310760835,42320.6431330726,62.5955489395005,7.392,1.81134574390941,26.6346687974256,81.1513483248791,1.51567823124517,24.4941864760659,100.0,83.0,65.1632411251064,22.921839640325,1.63,2.70016900895675
CD,"Congo, Dem. Rep.",2010,2010,4,4,4,400.619567973092,80.9975153909582,4.096,28.8558506334207,29.1029769216412,39.391363708294,7.10000000000037,27.8249684310755,13.0,0.72,37.5993158688842,16.4194618393535,6.587,11.3498081290486,417.130434045991,83.4133637998303,4.315,15.741544467002,38.636424619178,39.7849692825859,15.316515913949,29.4718799073306,13.7,1.2,40.2616539649032,19.2499688218462,6.582,6.04729215599495,438.406058243633,66.7056747465748,4.485,15.3232580698254,39.1726260796598,40.1770385579151,9.72182806273364,27.5116098044611,15.4,1.67996,39.5487534325728,19.5291285501831,6.559,9.62926566877035
CF,Central African Republic,2010,2010,5,6,4,519.141456408484,34.4304819543042,5.291,37.3635795959409,24.5099241422375,38.6244963104203,1.49102370047802,16.1364232338687,9.8,2.0,29.3293728575983,10.0736146667145,5.963,2.8712892233531,532.38295493852,34.4756183327299,5.281,37.5690227836114,26.6383554299084,38.8030669465007,1.1944757244985,13.4133986017882,10.4,2.2,28.5700359301451,9.39016760437847,6.009,1.5138934301082,553.729578314912,33.0594485943314,5.243,36.8141664735428,27.5230753744847,39.0301696038517,5.47829594346117,10.7696005106273,11.0,2.4,30.8711017267223,0.874792538162444,6.047,2.79010478789883
CG,"Congo, Rep.",2010,2010,7,-2,2,2332.28508055953,124.064754399607,19.345,4.03853452122591,66.1791697837805,62.3922871058739,0.391525011227612,38.7798118925855,40.0,5.0,25.4331744328979,60.1815993265036,4.851,11.5772952217296,2307.49384399715,124.591742710141,19.464,3.98393619152519,65.8738951997526,62.5597508130231,1.75958704273803,33.8687168065183,40.8,5.6,25.5372291556931,59.4736239996378,4.826,1.90783479461617,2467.06102906839,97.444435145443,19.512,3.79877492298434,65.3102191154701,62.7187169094345,5.01018773134471,38.1514780762757,41.6,6.1067,26.9856799806227,62.5364487644948,4.785,-0.391399397519283
CH,Switzerland,2010,2010,-3,0,14,81315.4228307049,120.065123269341,4.808,0.662940574514361,24.6945258729978,73.6086716419323,0.688238707220026,25.1886290060014,100.0,83.9,71.039676798755,35.5056919434511,1.52,2.95077318898271,81874.3362425008,125.556273159907,4.409,0.676699830016967,25.031526472453,73.65058748615,0.2313492076509,25.5188489817761,100.0,85.193,70.7790766642343,35.8359928744566,1.52,2.90052077420682,81964.8864937809,126.453860464505,4.491,0.634586963665186,24.603891133013,73.7522629583622,-0.692552018105253,26.2689032426508,100.0,85.2,71.4871665189024,35.7611146465885,1.52,5.81910221569192
CI,Cote d'Ivoire,2010,2010,3,4,5,1540.52927270246,67.472940081257,6.618,17.4889170707842,15.9765793754723,47.2374301523201,1.2264561213548,20.7031739690787,58.4,2.7,37.8322011028794,21.2072636285474,5.292,1.02606239201511,1426.46463864534,64.7159030611345,7.135,18.4866714886447,16.7624007263304,47.6797551269623,4.9124339505245,17.8470592312248,55.8,2.9,34.0131352473082,22.4405685560967,5.244,0.822954277239134,1503.43433046682,70.3010893191249,7.223,16.3751498758861,17.7324551897287,48.1242507553354,1.30451119915606,17.1122715372663,55.8,4.4,39.6867369938255,20.114708584439,5.19,0.909737108884904
CL,Chile,2010,2010,2,-2,11,11649.2897090856,69.7176801370338,8.278,3.47828463189786,33.4669030156191,86.9560135592209,1.41071107954321,23.0154606048027,99.5,45.0,53.8127811770917,30.8657761566367,1.844,6.84144686828522,12252.8441074615,72.4816428077334,7.277,3.62618323583881,32.4417542348483,87.0109164653326,3.34121694259302,24.720392213308,99.6,52.2496,54.3697640865635,29.5442144572695,1.823,10.4897738058645,12882.834417927,68.156142891334,6.562,3.27493353961752,30.5583003272184,87.0824943735696,3.00744840213047,26.7526624059251,100.0,55.05,56.2982132532287,28.3263875839566,1.798,11.9097449981544
CM,Cameroon,2010,2010,3,4,5,1290.9013745759,47.2385853965951,4.11,17.2697108767217,25.8445117305141,50.8505075371362,1.27538046242338,18.5258358699339,52.8,4.3,50.6327279323192,15.7276392356372,5.154,1.94952386693621,1297.3064962694,51.521987603918,3.987,16.6973907363193,25.7767597299444,51.2229843034125,2.93969946305091,18.9348906367022,53.7,5.0,51.7703818821919,15.6697864625954,5.052,2.13270391251932,1319.66961634054,50.0360127271229,3.835,16.6572401682217,26.624872181086,51.5887119982861,2.73529677529539,18.1966579785064,55.2,7.5,50.7616920668838,15.7181731303937,4.982,1.7488404761216
CN,China,2010,2010,5,-1,3,5764.86534987407,49.8540722338977,4.53,9.16649906130733,45.7066207106778,49.2340270628041,3.17532475269199,43.5201821905755,99.7,34.3,45.126871988843,50.5591488486793,1.687,3.93541996731512,6275.90956436258,49.9458272253643,4.55,9.0338458593332,45.8002054108107,51.8300285339355,5.55389892257493,43.515390928039,99.9,38.3,45.1659405665759,49.238926334799,1.668,3.65069190228423,6723.19443752823,47.4802130784317,4.58,8.96505673533992,44.6820698165478,53.1003112792969,2.61952432645541,43.8737076505916,99.9,42.3001,46.3528742639869,48.3845061629857,1.798,2.78099138181613
CO,Colombia,2010,2010,2,-1,11,5214.24547620131,34.2646031687681,11.153,6.32485387641069,31.3713561004301,76.7232975672119,2.27200227892008,22.0429732014851,96.8,36.5,53.3990736315847,20.3058486196375,2.01,2.24433595561184,5517.1011086899,39.4704235545367,10.288,6.09169610822215,33.3021551703249,76.839003613206,3.4150334477625,21.9158254216725,96.7,40.3509,51.4400918867312,22.0781780321571,1.938,4.37269536127322,5675.75617978305,38.835151018669,9.959,5.58268705354932,33.4055006173979,76.942211203265,3.16930188840055,21.1252094876723,97.0,48.98,51.9873009585796,20.8919036109148,1.899,4.05728041313345
CR,Costa Rica,2010,2010,-2,4,13,10285.0856660419,67.512089684107,7.171,6.48518940835947,23.3229652114345,71.5081448974915,5.66275708420021,19.4564092871474,99.0,36.5,61.907753060789,17.9806515304693,1.827,5.06371170213526,10612.4694861141,68.6391465074016,9.518,5.59987212230861,22.5898706745828,72.8426586679914,4.87799830970702,19.4325156619155,99.2,39.2122,63.1820860244227,16.3539748442027,1.877,6.39172539644787,11001.5192856576,67.0485392950976,9.11,5.13084191429059,22.2048773810709,73.3895020668217,4.49545314354605,20.0288559026881,99.5,47.5,64.286092711917,16.108290884686,1.851,5.70866124854743
CU,Cuba,2010,2010,-1,3,13,6716.49048497058,40.2919413008332,2.5,3.61428926750404,22.8936077602288,76.6099132468685,,8.64631264768064,97.8,15.9,72.469220246238,14.9219624424823,1.673,,6902.16397571139,46.9604290476881,3.18,3.60487027105378,22.258298304102,76.707663902788,,7.71126250181186,98.0,16.0173,73.0062327873605,11.7176402377156,1.734,,7109.24834185635,45.8662036340766,3.46,3.85009775638835,23.3671948701822,76.7776920066844,,7.76172051243489,98.3,21.2,71.6574834907918,13.7310127014944,1.668,
CV,Cabo Verde,2010,2010,1,0,15,3194.61667734233,85.5484498816191,10.67,5.82909277007133,14.9414577543955,61.7974262732302,2.07866470906424,,81.1,30.0,67.4390099531524,19.9760014466688,2.329,6.36802137795552,3309.20121643898,90.5564501122747,10.948,5.39925327001121,14.5699784845003,62.7419929036884,4.47388342165023,,82.3,32.0,67.2515707697687,20.1038463258816,2.329,4.99538224029443,3341.7421054836,90.649916554117,11.142,5.79088758494564,14.00680796227,63.7260454520996,2.54039644167109,,83.2,34.74,68.6678487003577,19.4808613421409,2.153,6.69129799994045
CY,Cyprus,2010,2010,-3,-2,9,26090.048828125,108.901699269523,6.359,2.05766089497283,14.4791152125979,67.5229111556342,2.43004084102254,22.3931532844937,100.0,52.99,71.6413288911788,15.4540741653862,1.434,125.272737889578,25538.78125,110.617131287039,7.942,2.14531860991971,12.7453636495298,67.3979892758544,3.28944939564211,18.9835410036702,100.0,56.8599,73.9856217691986,14.8391767661681,1.36,151.736934875441,24285.49609375,112.344273297273,12.097,2.00128009868188,11.7579854336711,67.3010289148738,2.38905410042317,15.4617926757181,100.0,60.6899,74.948228738595,14.0302785707295,1.382,289.858110901793
CZ,Czechia,2010,2010,0,-3,11,16665.9317825137,126.756480116798,7.281,1.52258196973334,32.7825374564339,73.3495599222723,1.47272727272722,26.5219620764145,100.0,68.82,56.2888177196257,29.7580035666182,1.51,4.81502985527419,16926.2846674435,136.750855542438,6.712,1.96393230867654,33.3153047782183,73.2878338394746,1.9172191363555,26.098348006461,100.0,70.49,55.1142697031149,30.3557567048522,1.43,1.80994155301698,16772.3539223328,145.480195396935,6.979,2.23162666151254,32.6118775656289,73.2249239592898,3.28762306610411,25.3751105408769,100.0,73.43,55.1671455759611,30.3982676708788,1.45,4.48424380759869
DE,Germany,2010,2010,-3,2,14,38526.7371042695,73.8852351200263,7.043,0.775984032180357,26.0371435344861,80.305702559949,1.1038103778926,19.1861612229759,100.0,82.0,62.7061554109343,24.6365179752682,1.39,2.48154528887853,40722.4849268242,78.433002901442,5.967,0.924638957956395,26.2795286339924,80.3405762928198,2.07517283735874,20.0081182128282,100.0,81.27,62.0438601919976,26.1212416861128,1.39,2.55089499875415,40834.5088218456,79.3316495670315,5.372,0.911412934754651,26.5450401531822,80.393447520218,2.00848884782956,19.9663127661399,100.0,82.35,61.8201108856563,25.5119887971193,1.41,1.8196411156431
DK,Denmark,2010,2010,-4,1,14,51209.4492757775,94.3877282319057,7.746,1.1884393485634,19.3679354644121,86.8652420043945,2.31092436974789,17.9939144621449,100.0,88.72,65.7784928937093,24.6159863539029,1.87,-3.56794135328115,51667.5313210425,102.012930474308,7.769,1.26832807403315,19.8459237938884,87.1567653955846,2.7586822605125,18.1475309529928,100.0,89.81,65.1652486553664,25.1418151952464,1.75,3.93792637361731,51470.689845427,104.362280505171,7.798,1.61758219917433,19.8506421545794,87.2336196899414,2.3979148566464,18.7986435638088,100.0,92.26,64.867511994022,25.0263762469827,1.73,-5.00312031968255
DO,Dominican Republic,2010,2010,2,-1,11,5666.45633430206,56.0573964175321,5.212,5.87493178504912,27.2729956898842,74.1642773174177,6.32993220146146,24.9200517402196,98.1,31.4,60.1184532953709,15.5642626501833,2.556,3.38320513554667,5773.57403459156,59.0692578401698,6.087,5.4136207001604,27.543253721519,74.2440389501301,5.79676809206533,24.3778439913801,97.9,38.0,60.705409096801,14.1879862786584,2.527,3.79217588020774,5860.29893321013,58.5062536731089,6.722,5.13892705786417,27.3630347889582,74.2398679969568,3.69449707884777,23.6441763702234,97.9,42.32,61.2165323555741,14.7795488417615,2.497,5.64036946601582
DZ,Algeria,2010,2010,5,-1,3,4456.6102741643,63.4912159928425,9.96,7.53171561491377,45.2431946364671,67.1235057867459,3.91106195534028,36.8247454236446,98.9,12.5,43.6024032576579,49.7720707197039,2.875,1.29390467487817,4501.3543013352,62.2200899610479,9.96,7.08352512171367,44.9869856015855,67.7344007507578,4.5242115050527,32.5550419569134,99.0,14.9,44.6513051761826,49.5099050718162,2.899,1.17767329101171,4518.43978956464,60.7576393340605,10.97,8.02697167412095,43.1950549091774,68.3421258553675,8.89145091062317,32.3722774660867,98.8,18.2,44.9114940485958,48.2903233682398,2.996,0.660551953898791
EC,Ecuador,2010,2010,3,-2,11,5022.20374387205,65.7773849135062,4.088,8.33021025899583,33.9061751825852,62.7405258611644,3.55437734567843,19.7127718521821,97.5,29.03,53.5584229032423,22.6840227869951,2.615,0.243419054034351,5359.45724615639,70.0356837525249,3.458,7.90853917487421,37.4057005178901,62.7949053547691,4.4745326579584,20.9410177780933,96.9,31.3668,51.5008663236349,25.7231475375433,2.605,0.817966548837347,5579.85624282158,67.0029290916898,3.235,6.99944108995073,37.0917503800762,62.8408732819135,5.10172180958666,22.1395923781794,97.2,35.1351,51.742214810209,25.6731939099184,2.509,0.646739602691481
EE,Estonia,2010,2010,0,-2,15,14657.939813612,143.671762256978,16.707,3.17092945309266,24.0345491849484,67.8048042926262,2.97204512015694,21.2332633688528,100.0,74.1,59.9238449450358,28.0077977089041,1.72,13.2770330129027,15820.922342204,166.7460724339,12.328,3.66566862923271,25.3466745057015,67.8775556334506,4.9819013145361,26.3556426267409,100.0,76.5,58.4513474222125,31.2613290150549,1.61,4.80240449251588,16460.6843479001,169.156067773865,10.021,3.2843229052027,24.6316781428684,67.9629593320316,3.93339987296985,28.4404236317146,100.0,78.3899,59.1902030673717,30.7206141311899,1.56,7.6916567949516
EG,"Egypt, Arab Rep.",2010,2010,1,6,5,3233.84521246786,47.9363500745898,8.757,13.3407591579645,35.7845184816841,42.9057175520154,11.2651882653185,19.2110061329355,99.4,21.6,46.2327200397812,14.2632189623736,3.296,2.91601657550141,3222.37650111856,45.2556341623514,11.849,13.8691050980964,35.9517175990081,42.8634168470177,10.0649259874818,16.7092115819415,99.4,25.6,45.7160236306615,12.9822770038655,3.311,-0.204542848807527,3220.99194203067,40.7117692721084,12.597,11.2727652713919,39.2513148623634,42.8118514138525,7.11172943343083,14.6951692840509,99.7,26.4,51.771621185884,8.10891502955753,3.4,1.00234071774049
ES,Spain,2010,2010,-4,5,13,25766.2515825743,52.6933699734019,19.86,2.41740898393438,22.985948966945,78.5138156234888,1.79986457728769,21.8742137780893,100.0,65.8,66.4836210538043,21.3610980880011,1.37,2.51885825626412,25510.5579678829,58.5118228859632,21.39,2.3625185975353,21.8871702738867,78.695397956495,3.1961018883379,20.1470024048134,100.0,67.09,67.9189474964676,20.9785812536844,1.34,1.73938048405349,24763.568274484,60.5540346961864,24.789,2.39776671776239,20.7992748782776,78.8455680301618,2.44612782366809,18.7105922599627,100.0,69.81,68.7981435648343,20.6399064060141,1.32,1.44631700014204
ET,Ethiopia,2010,2010,6,2,1,421.898622378633,,2.3,41.4468200699758,9.43512813822331,17.4937839508057,8.14926402965082,,25.5,0.75,41.7550740909194,,5.282,0.963030625359937,455.909628648555,48.232935411689,2.275,41.2499638574537,9.6646421928884,17.863790512085,33.2499598823344,32.1076664694521,23.0,1.1,41.4300565862634,17.248440757698,5.08,1.96735663905254,481.639999909808,45.3979041835072,2.255,44.3309427521463,9.47613796506918,18.2061367034912,23.600417677317,37.0979619673542,29.0,2.9,38.5815204962798,19.2346578483023,4.887,0.643172898229037
FI,Finland,2010,2010,-3,2,14,43556.5385834368,75.4612085231229,8.394,2.36676641136983,26.1853763280839,69.7855798796947,1.18413523154646,22.8209857186136,100.0,86.89,58.9677220471227,24.0944580567322,1.87,4.89959763196754,44391.4535667984,78.7159444486606,7.781,2.25898661809719,25.0390832511194,70.0583261874252,3.41680754255211,22.9086033745668,100.0,88.71,59.3372290101439,23.7418734663935,1.83,-2.18405747554129,43507.9345371578,79.4303765882482,7.689,2.18836399205502,23.3588517701544,70.3661363168712,2.80833622561574,23.3149347732785,100.0,89.88,60.7916038686882,22.0054097755243,1.8,1.91512248449208
FJ,Fiji,2010,2010,1,1,6,4272.359150902,,4.343,9.38189737562413,16.972580397166,52.0415147785104,3.68901229670758,,92.4,20.0,57.4879987562657,,2.696,5.67141021084988,4375.5808542034,,4.406,9.21771557173261,17.4133402875203,52.5335449475105,7.278117827085,,92.5,28.0,58.1562651146195,,2.631,5.74582849158735,4427.97844455038,,4.375,9.67577870713452,16.7229680523622,53.0383211294771,3.42337523401979,,92.6,33.7424,57.995596402467,,2.612,6.9816643965711
FR,France,2010,2010,-4,2,14,35578.1968010183,56.587555247796,9.279,1.50088040274637,17.5945885002022,77.0962844808803,1.53112270420926,21.4821676799635,100.0,77.28,70.7106511172851,20.4032904373187,2.03,1.46961673029144,36269.9561530888,60.6056354816406,9.228,1.55137276231397,17.6800048726048,77.1182717387509,2.11159795174994,21.6992927837053,100.0,77.82,70.2766502820806,20.9717044621673,2.01,1.54005293306163,36161.2918253465,61.6589570771102,9.841,1.52594468949115,17.4684347699959,77.1669464919916,1.9541953161351,21.6559249264002,100.0,81.44,70.3954825743036,20.8819651056534,2.01,1.22790071519382
GA,Gabon,2010,2010,7,-2,2,6481.49612073562,89.1576627248353,20.39,3.91445441728357,55.1924628115731,86.1852592472945,1.46154402720469,31.4071853243829,89.3,13.0,30.8276344945018,55.870435833307,4.153,3.64540417621404,6699.23394606512,90.4983773331323,19.941,3.43228977977158,60.8812104614947,86.5665383650315,1.26331707837421,28.6802170005618,88.7,18.0,25.6325683424911,59.6327564827554,4.151,6.16978545780463,6803.22668079211,92.3428089420545,19.728,3.35369777676334,58.8246016166913,86.8838635787001,2.65241828695626,27.737282233055,89.3,24.0,27.4556887815273,56.5240238983679,4.086,3.94472371225415
GB,United Kingdom,2010,2010,-4,2,14,42762.720840223,59.0511802227821,7.924,0.565712301782542,18.5566755103695,80.995165116277,2.49265472467065,16.5928041098154,100.0,85.0,71.0022471298192,15.0596686922398,1.92,2.67286674184503,42791.0934313474,63.3240615708901,8.169,0.704214809469773,18.3010218899425,81.1359685592627,3.8561124468282,16.1811317139187,100.0,85.38,70.317944602966,15.6974630901018,1.91,1.00957357920277,43136.7006795996,61.9688704472535,8.25,0.62478654917094,18.2827169299324,81.2905667759508,2.5732347965453,16.2721553248286,100.0,87.48,70.5149769879678,15.5447962139922,1.92,1.71895853790766
GE,Georgia,2010,2010,-3,6,12,3090.06513662318,81.6733870603639,20.203,8.86598672626304,16.8779105151474,55.1969344748228,7.11017897486099,18.6399765226421,100.0,26.9,62.4461510677683,4.19226601652445,1.973,7.41065931415781,3362.1030031968,85.4659350932986,19.632,9.73887160427603,17.6800367830185,55.6899257648533,8.5429333333333,19.830910379708,100.0,31.52,61.2165289857849,5.38026054638109,1.915,7.56100540937968,3609.780798626,89.7348800946338,19.653,8.56565938989856,18.8467444528085,56.1683526759979,-0.943658853270964,21.5841309101337,100.0,36.94,61.4683363802559,7.5724231996272,1.929,5.73087327277528
GH,Ghana,2010,2010,2,6,5,1381.2279503506,75.3778157916824,5.384,28.0387379636491,18.0149428066597,50.7296926788704,10.7333898354915,11.7640921857081,64.2,7.8,48.1811608328439,-0.68319385804906,4.181,7.84948455261709,1537.81834019283,86.2954538549695,4.227,23.663704967184,23.8636600934779,51.3304086646488,8.7284593709302,11.9769402266932,64.1,9.0,45.844878600683,0.387756379045372,4.177,8.2558797134245,1640.54072088003,93.1680351286831,3.141,22.1311546901572,27.1365335859295,51.9197918381031,11.1863409441067,16.1099093812667,56.5,10.6,47.5829502482676,4.51812334235601,4.154,7.98251565917851
GM,"Gambia, The",2010,2010,2,7,5,701.014524591061,41.0125150279466,9.723,35.1932434877047,9.82816623642272,56.0110896605662,5.04968075857402,13.8767105275043,46.8,9.2,49.2005371228435,-3.44730313394254,5.558,2.40659689644853,625.464360270983,42.6397020468894,10.283,27.202420609824,11.5126603208193,56.6696692994225,4.7958826618311,12.8961682852301,48.3,10.8703,54.9002009575039,4.82936003696703,5.542,2.55921826982754,639.139881889048,47.7006731141985,10.346,27.393571461515,11.9583688371148,57.3207304207091,4.25432199813899,20.8771686494917,49.9,12.4492,54.4512163689269,12.8605134629912,5.519,2.91048196914862
GN,Guinea,2010,2010,4,4,4,675.736917327708,73.5465739340387,5.097,17.4849504866218,32.3138372958105,33.8075426880206,15.0502688559001,19.1371892385113,28.1,1.0,43.4042055577507,7.46123102153097,5.435,0.0,696.199991395571,85.9546732708386,5.094,16.0697496615218,32.6144005582332,34.0732054685603,21.3169268542577,23.6021886756075,29.5,2.0,43.876515571947,3.303140781522,5.337,14.0905035719922,719.505916794546,86.6743318322581,4.884,16.8316746641336,31.5767582978151,34.3313936933767,15.2262941038638,25.1177815471196,26.2,3.1,42.2230260009564,5.6219776075154,5.232,7.92820721970247
GQ,Equatorial Guinea,2010,2010,7,-2,2,10984.3243932426,144.668225001248,8.07,1.06137128570531,74.7445614275894,53.1218806529176,7.78916547991184,42.3216550737194,66.1,6.0,24.7325512094271,64.9049408885431,5.209,16.7581567258275,11203.9073679091,114.37734663649,8.045,1.05350238777482,78.0648736933954,55.9743349096911,4.805389221557,38.1605608101647,66.1,11.5,22.1315186516791,67.8625499443764,5.126,9.24740468952516,11650.7196270884,116.675422472364,7.957,1.05565709179581,77.3115042713314,59.0106940671203,3.65662048278806,46.5595457630897,65.7,13.9432,22.9343465047188,68.2827040715853,5.04,4.4007560526439
GR,Greece,2010,2010,-4,5,13,21547.724178239,50.9225181997227,12.719,2.9142102078812,15.0655277858101,76.3631476983077,4.71298907760388,16.8200572069043,100.0,44.4,70.215254321143,10.7509069683437,1.48,0.179789223267027,19448.255802525,56.2929957941907,17.973,3.0618456010827,14.3792409788507,76.6352609929407,3.3298532335065,13.8655955400985,100.0,51.65,70.2096408517314,8.3936611000382,1.4,0.385622565634744,17924.6620496886,62.3942117351318,24.731,3.41908207828197,14.7998191105367,76.8679797449322,1.50152696177758,12.2795312839599,100.0,55.07,69.875196964307,7.79800440630276,1.34,0.695897838082299
GT,Guatemala,2010,2010,0,3,13,3546.6258162259,63.1251925746222,3.497,11.2341516901897,27.4918265373292,51.3270380592706,3.8595090983316,15.0488390141114,84.3,10.5,59.4695981042423,1.86349277105035,3.375,2.71030706792051,3621.37409769184,65.0470510420457,3.172,11.2587427520036,27.9436212267543,51.8657469899423,6.214123930671,15.0459163364946,84.0,12.3,58.9769300915749,2.90941459888197,3.292,1.87038244023626,3655.57315791242,61.9594193352042,2.765,10.7227497533367,28.1234371173336,52.3523385176,3.78180754679678,15.0269248908262,86.8,16.0,59.5278728385924,2.1669012522737,3.219,2.82256297187213
GW,Guinea-Bissau,2010,2010,3,7,4,625.904027290582,43.5145876385454,3.137,37.9530889182683,13.7495149088181,40.0095596313477,2.51785140171701,19.366452387911,6.0,2.45,40.7970506467317,1.25785867148815,5.111,2.79117647230681,658.953470528116,48.6174602066373,3.08,37.5633896672074,12.2556709039964,40.4391136169434,5.046102263202,15.724714459189,13.5,2.672,42.2690538725093,5.82441387891642,5.067,2.16270009395862,630.66862302825,44.1280665609795,3.143,38.08528951059,12.0457512726254,40.8686027526855,2.13054580274503,19.2098413655205,14.9,2.89399,41.7821081516497,3.45975633433866,5.003,0.631297914892102
GY,Guyana,2010,2010,3,1,1,4860.09110980566,,11.636,28.5284323037662,24.9027270750604,26.4592185137368,3.73337757704246,,83.3,29.9,41.5645777782864,,2.684,5.76769722571896,5133.89539813637,,11.819,25.6836014005978,26.4538770719167,26.3999996185303,4.9777356370697,,84.2,30.0,42.7997615212712,,2.694,6.68583866568761,5403.79899428921,,12.038,25.4400079005114,26.5877498717371,26.3999996185303,2.39193521312334,,85.1,30.5,43.0016644065102,,2.701,6.8398706440639
HK,"Hong Kong SAR, China",2010,2010,-2,-2,8,38090.0213994329,404.770560908659,4.329,0.0533684018528068,6.83582798711052,100.0,2.29289088604673,21.7781360691582,100.0,72.0,90.913241443604,29.7651002177521,1.127,36.174608362048,39656.3392885062,421.854706554386,3.422,0.0487999048815413,6.71717250042648,100.0,5.3052489299392,23.536338869848,100.0,72.2,91.5084029920959,27.9933106910046,1.204,38.684029536737,39887.8339456509,430.568530415663,3.285,0.0546866831053985,6.84452438540072,100.0,4.05390950903844,25.3999025065057,100.0,72.9,91.9216380085211,26.3507340729944,1.285,28.5144344855168
HN,Honduras,2010,2010,1,2,6,2108.47314459603,109.441838241682,4.119,11.5912204379757,25.5871307044098,51.3273733161098,4.69889064976226,21.5558696364013,81.0,11.09,60.6354456940853,3.95581483931758,3.078,3.83460574737835,2144.56265540491,122.216902597337,4.474,14.2196558016976,25.8142160143128,51.9908892304951,6.7622795731476,24.4407777503837,82.2,15.9,58.2063339221402,6.29837285144695,2.998,5.88681418228473,2188.39378817891,121.188215808285,3.755,13.5662940347061,26.1135718011836,52.6641557109031,5.19618615531848,24.3710157922338,83.6,18.12,58.6183421267834,5.18164597334706,2.927,5.83610988955542
HR,Croatia,2010,2010,-4,5,13,11965.0049285028,72.6467039932668,11.62,3.64448983894033,21.36803442175,55.2824979327886,1.03055505333574,20.8198145850591,100.0,56.55,59.8361533890876,18.7271326956609,1.46,2.61983048198582,11993.0713179162,77.783952809242,13.678,3.62469406098008,21.5043974590517,55.2773793281248,2.2727272727273,19.8211263992985,100.0,57.79,60.1939570145018,17.3201038588434,1.41,1.98600595263882,11780.4742767284,79.0075493058138,15.935,3.2839104995377,21.0396616788925,55.3042888624873,3.41207349081358,19.2069491801104,100.0,61.94,59.8204605980156,16.4243618941964,1.52,2.54586969790822
HT,Haiti,2010,2010,1,7,5,1317.58389339746,44.7215241260457,15.252,20.2326950876929,23.5332687261618,46.0679741838751,4.82734190074673,24.988217664925,37.2,8.37,52.5004487393192,-2.59256168758107,3.497,1.50093014768549,1369.16921255852,44.1635704019387,14.485,20.0431188990154,24.5925802703743,46.7523749519985,6.33279483849042,20.9967494829716,37.8,9.0,51.2340187151589,-3.00059256587683,3.431,0.91476918408797,1354.88546124499,40.2582414988129,14.1,19.4699035948555,25.3732825170097,47.4314843495779,5.01804155429246,17.5092344164627,37.9,9.8,51.0111681886198,-3.43890748872861,3.321,1.13794476642421
HU,Hungary,2010,2010,0,-2,15,11287.3686666108,157.838960085896,11.172,3.00710894106453,25.2266979655838,69.5305480957031,4.85555795691956,20.1115497896952,100.0,65.0,56.6270118030494,25.8573261294392,1.25,-15.8854380283339,11536.3578996772,166.754347209897,11.029,3.97302154410133,25.1359185300274,69.4779934082031,3.9299209893507,19.5689305528823,100.0,68.02,55.9639510898261,26.6657443046956,1.23,7.45442145492374,11440.7622718825,166.17569860957,11.003,3.88850753892061,25.0498656722544,69.5772326660156,5.65214517088646,19.200974937302,100.0,70.58,55.199441422864,26.2860516197668,1.34,8.30549850772091
ID,Indonesia,2010,2010,5,0,3,2670.8129098953,46.7012738758737,5.614,13.929212707137,42.7758663362749,49.8521375148888,5.13420639015885,30.999408825566,94.2,10.92,40.6659902908934,34.7769092096612,2.462,2.02517914569356,2799.62468790318,50.1800131841104,5.153,13.5122870743946,43.9134234267133,50.4830017089844,5.35604849112582,31.3074540365725,94.8,12.28,40.5846042111279,35.517966275623,2.515,2.30298429381592,2930.518445323,49.5828982992627,4.468,13.3739742350727,43.5937444233376,51.1593933105469,4.2795142691943,32.7196280650271,96.0,14.52,40.8733748934867,34.3619651389599,2.514,2.30978031853073
IE,Ireland,2010,2010,-1,-2,15,46991.6464673949,190.08027278672,14.534,0.955429971049666,23.3585048483704,61.8910689348512,-0.918388645376774,17.5913855594315,100.0,69.85,66.7587910328311,34.0246100651674,2.05,17.0242973051905,47539.9181739968,186.304879179038,15.354,1.20481169133057,24.3019357364641,62.0872735820277,2.5489783020855,16.5650711962538,100.0,74.89,65.9202399670773,35.6303784276395,2.03,9.83474085171317,47147.1604669421,190.355682317985,15.451,0.98628534243733,24.0639568673216,62.2529318511038,1.69474116680366,19.5031733011107,100.0,76.92,66.3652752162247,37.2051482016311,1.98,25.5993064499855
IL,Israel,2010,2010,-4,2,14,33344.7213294093,65.6330798689153,8.48,1.82975876400948,20.8142494931167,91.7316426703946,2.70270270270273,21.4972128571582,100.0,67.5,66.8073454381095,22.9619920227856,3.03,2.91418894955553,34540.6749784398,68.9094378497374,7.139,1.85000171535157,20.1347126935193,91.7304024673781,3.48837209302323,22.799180846915,100.0,68.8739,67.5742463422278,22.9017575155463,2.98,3.22758725723671,34738.6587001,69.9650250827043,6.762,1.4926299498497,20.4568472081077,91.7276502819515,1.67553715750052,23.5166996385456,100.0,70.8,67.9642024448898,23.3855365901195,3.05,3.42096752579402
IN,India,2010,2010,5,1,1,1235.15939133951,49.2552064974161,7.652,17.0265090136912,30.7250782285817,30.9042190810094,11.9893899204244,33.2300146665612,76.3,7.5,45.0337495625601,34.2675343705701,2.598,1.6350340943491,1281.61054354933,55.6238800135298,7.616,17.191973558015,30.1616797630407,31.2746502853309,8.91179336483371,34.3134166469557,79.5,10.07,45.4421452512796,32.708319830057,2.532,2.0020634629993,1333.09626557668,55.7937217287511,7.666,16.8453770661356,29.3985276965289,31.5898935604399,9.47899691419801,33.4369343256634,79.9,11.1,46.3011472980511,32.8551899788478,2.47,1.31293453035323
IQ,Iraq,2010,2010,4,-4,10,3881.94327045302,73.4974796202443,8.267,5.16228354680036,55.7934951548678,69.0582953378474,2.8777472527476,16.1989616416181,98.4,2.5,39.6860480275684,36.638174184967,4.457,1.00796493975113,4030.01686860986,72.1713282233655,8.191,4.56377343749618,62.5480287876873,69.1252233869916,5.801455370853,17.1424862023448,98.0,5.0,33.4821077639761,45.2368384119946,4.588,1.12086339764167,4387.90469058707,73.6086845912812,7.965,4.12427143758484,60.576988513607,69.2222213745117,6.08909641595043,15.0023787524152,99.3,7.1,35.8893880581268,43.5704895661747,4.544,1.55961531280073
IR,"Iran, Islamic Rep.",2010,2010,4,-2,11,5249.06133369759,43.7706437371399,13.679,6.49939072557201,44.2093794197457,70.6092626774386,10.0893629287979,27.3528333188133,99.4,15.9,51.1373145239641,46.2734513766519,1.749,0.74916862626536,5321.75870744453,41.2194147918578,12.491,4.64211620456629,46.2322885720868,71.204050944517,26.2933856738608,29.0537287312461,99.5,19.0,48.7236875755503,44.526220512265,1.792,0.679834574763516,5058.64637811835,44.0893466807452,12.275,6.79693716710654,42.0941632127045,71.7633634041294,27.2568127242908,30.0539654282953,99.5,22.73,50.4291162835523,38.8665005148573,1.851,0.723850091355471
IS,Iceland,2010,2010,-4,1,14,49528.4864575422,92.4901528110187,7.564,6.22541481370984,21.855496243023,93.4588348107886,5.39673113167477,13.9090271400569,100.0,93.39,62.1190815422903,23.6419388919034,2.2,1.84577695426495,50058.8302502676,100.133252648313,7.028,6.35940252295156,22.2264364274742,93.41106112427,4.0010266434312,15.1954435956867,100.0,94.8197,61.4275346226053,23.0956411113501,2.02,7.19083904863256,50375.4116888351,102.433137099998,6.0,6.48947569648814,20.9475410570084,93.514892578125,5.18589988750698,15.7831762567392,100.0,96.2098,62.1885296541203,21.8259046133394,2.04,6.85345908435807
IT,Italy,2010,2010,-3,3,13,31928.5543621096,51.6621118138339,8.363,1.76928173132246,21.369080166955,68.2163741829857,1.52551602118248,20.2386645229593,100.0,53.68,66.4497865718155,18.9721626456083,1.44,0.462974196548407,32039.5032494316,54.4722149449288,8.359,1.84910093882918,21.2407342221272,68.4015073889511,2.78063272879323,19.9088467204091,100.0,54.39,66.2096070490808,19.3311214651812,1.42,1.49396922230512,30953.4147447427,54.8844952702204,10.655,1.90886941227517,20.7948320119101,68.7608794235259,3.04136333226775,18.4823918939236,100.0,55.83,66.4231181546189,19.055685335004,1.42,0.0016635941816028
JM,Jamaica,2010,2010,0,0,15,5271.57221477938,,7.63,5.26899732039303,17.9863304478474,53.7535679480806,12.6105519975603,,92.2,27.67,66.5416067752678,,1.799,1.4052035043033,5339.62170188798,,8.034,5.64728677796925,18.2490235366752,53.956586109128,7.555856465809,,91.1,37.4386,65.8655341895153,,1.717,1.19599317121359,5284.00852557589,,8.695,5.77144048591992,17.9938605582722,54.2478817703732,6.87397708674309,,93.1,33.79,65.4468445187143,,1.648,2.79145695894721
JO,Jordan,2010,2010,-2,7,6,4621.5742854131,114.222677694125,12.5,3.57519109394284,26.2668286391472,82.2601083887084,4.84551875852116,30.8538784918828,100.0,27.2,59.1152821637538,14.8092439756427,3.78,6.22247566973912,4631.67703841605,118.699679501801,12.9,3.50500327354367,26.7946694331519,83.5505043825064,4.1624416292779,28.4465151060703,99.6,34.9,58.905338980586,6.14987561936586,3.69,5.03335872688489,4677.47613977192,117.855587685189,12.2,3.30511928769937,25.8078043078824,84.9592629639423,4.5152295667099,24.3226578340142,99.5,37.0,60.2740705401065,3.62653277044271,3.568,4.89480688682321
JP,Japan,2010,2010,-4,2,14,32942.2020783835,28.4984726938389,5.102,1.10828108130349,28.3359701667911,90.6228586840649,-0.728243207517779,22.6196594231882,100.0,78.21,70.5441965333058,23.9288581146225,1.39,0.12920448958805,33011.1342301291,30.1949607286296,4.55,1.08027176258707,26.7014360671016,90.8631654434251,-0.27245561610124,23.3511623002885,100.0,79.0541,71.6911224449386,22.894532483638,1.39,-0.0136482744839263,33518.4449368599,30.4709109171752,4.358,1.12285396244805,26.562641428228,91.0265277326652,-0.0440645104432602,23.7736492973571,100.0,79.4964,71.7471232811569,22.3635480474837,1.41,0.008720201501896
KE,Kenya,2010,2010,2,5,5,1340.16467408856,50.3942873502834,2.796,17.5677598863696,18.5746727706851,31.8713287706458,3.96138889115385,20.8470576462838,19.2,7.2,56.99824606755,14.2213068047576,4.446,0.392164287395035,1370.58000874482,58.4022059745625,2.704,18.8947112249953,19.6629008334867,31.8673949025409,14.0224913014704,20.7086390580308,36.2,8.8,55.2138923736953,11.3036016215201,4.284,3.09471103381268,1396.30178709756,51.6236920232481,2.682,18.8297259329446,19.26155255789,31.8558130142761,9.37777003547598,21.5850382332069,38.1,10.5,55.6497106996552,12.5271045359836,4.116,2.44725940988928
KG,Kyrgyz Republic,2010,2010,2,1,6,962.764789828724,133.232850492333,2.887,17.4482561772443,26.2652737926744,35.267768240398,7.96772225579684,27.7647113277575,99.0,16.3,49.3384967869844,-2.72261154344094,3.1,9.86092233978431,1005.4831781815,136.179840420492,2.999,16.56531665018,27.4490880946162,35.2466507961984,16.6363262731495,23.6912525687168,98.3,17.5,47.8653557076126,-1.62992225927492,3.1,11.0646449339785,985.8472865972,139.675937840309,3.114,16.654196378216,22.2571297250342,35.218916221918,2.76844236540957,31.3914039719613,99.8,19.8,51.0390815511772,-15.9064622076179,3.2,3.95036874399421
KH,Cambodia,2010,2010,5,3,1,1155.85236856699,109.998400607758,0.771,27.8742916555508,26.0088985136981,21.1232251168762,3.99639528107218,21.28662800802,31.1,1.26,39.7207719064236,13.3224274978267,2.859,10.169807189939,1221.38839852454,109.790505166814,0.577,28.0358544598065,26.6606926732023,22.3824788531276,5.4784474961745,21.3854992854878,37.4,3.1,39.0826288683331,12.1809096812236,2.782,9.59845134883877,1295.25271477893,116.740233418212,0.496,26.7953499375283,27.6110297650086,23.9411047582349,2.93431609293951,23.6749074349425,42.3,4.94,39.4003358287519,14.903343101984,2.751,11.1524912445112
KI,Kiribati,2010,2010,1,9,7,1328.78764145125,85.6972485309313,,24.6569946903248,11.9776131472528,48.4603839564718,-3.89955040651649,15.6555346582521,63.2,9.07,62.8655191985669,-46.3185774516189,3.898,-3.99041060819927,1348.06011226744,93.4313938880945,,25.7140622476367,13.2156381400186,49.1228169536795,1.4974097987597,19.4424262701139,74.9,10.0,60.6301794980662,-48.6050320316197,3.878,-0.177954446979993,1405.50280446236,96.1287092438882,,25.2322476766993,13.4930209021933,49.5800786695548,-3.04586292775571,25.2335308869913,76.7,10.7468,60.3834756097529,-45.7886861527668,3.768,-1.15262125678328
KM,Comoros,2010,2010,2,7,5,1272.60650664705,39.5501058029898,4.248,30.4159781805447,11.775324962086,28.8540982913801,3.35475770328919,17.8624390779559,69.7,5.1,53.1898732144818,-2.09736083122865,4.755,0.91966985988271,1299.11099021922,40.00094857244,4.207,30.5642731114282,11.6973185544088,29.1136750253686,1.8426630075619,16.7272118330955,69.3,5.5,53.6020289217801,-4.06668843128796,4.722,2.25967654324554,1313.5812493744,40.8104424089423,4.17,30.1730899214364,11.2226651481809,29.397950693899,6.31474450315177,16.6960690671082,69.3,5.9753,54.0415867747774,-6.76712029286552,4.652,1.02133818400059
KN,St. Kitts and Nevis,2010,2010,-1,-1,15,17688.0690103409,,,1.26846576046116,22.5446364872963,31.3056125693165,0.850878649795844,,99.8,63.0,65.8023152948339,,1.762,15.7969193594166,17958.6813977053,,,1.33469179826796,20.9395556933708,31.2000648379646,5.8351651957086,,100.0,63.2,64.8931316308224,,1.74,10.5862643242429,17770.4963640576,,,1.16601837961175,18.6845911299958,31.2035138804223,0.816089281562459,,100.0,64.0,67.6537697967103,,1.713,13.793834368349
KR,"Korea, Rep.",2010,2010,1,-3,11,26623.0487122927,88.0278677123124,3.324,2.0444228836758,34.4083287071276,81.9685075986486,2.93928652655686,30.4627998691082,100.0,83.7,54.8789736739052,35.2951031135222,1.226,0.796207328344812,27393.455357272,101.68061646213,2.992,2.10765665250747,34.8688946576209,81.9615408086376,4.0259650043609,30.579957304265,100.0,83.7591,54.6912359976241,34.1433681473028,1.244,0.747683727442323,27944.0564190045,101.51727207905,2.812,2.08215187594443,34.7007966708538,81.9087898200378,2.18707104433314,29.8554284944494,100.0,84.07,54.980397416291,33.7447491121167,1.297,0.711120351080011
KW,Kuwait,2010,2010,3,-4,10,32568.4981754501,97.0280216600064,1.82,0.451728985475114,66.0655582815397,100.0,4.49640287769787,16.6863060540352,100.0,61.4,47.0401906716711,53.9775923433573,2.044,1.13036730425536,33545.346271839,99.1164927646913,2.053,0.438835825324165,72.7249733972566,100.0,4.8394034987095,12.8022570219846,100.0,65.7691,38.8294818780374,60.8669922108071,1.956,2.11573865053542,33578.3309651964,101.011435104032,2.231,0.359874300848834,74.8123207433144,100.0,3.25514600287211,12.1283300254474,100.0,70.45,36.780475654361,61.2871832887946,1.99,1.65046109668041
KZ,Kazakhstan,2010,2010,3,-2,11,8704.70655484556,74.1382658957842,5.77,4.51052752955614,40.6024221199984,54.2054127497102,7.40046356341397,24.3273473647221,100.0,31.6,51.6800394874896,43.8071731236074,2.61,5.03630628288047,9223.3021336315,73.1178570509129,5.39,4.9889741557576,37.2660880953566,54.3996086425518,8.452904661768,21.4647023620078,99.8,50.6,48.8890328062873,47.3329354372518,2.605,7.14351039762779,9531.91477617058,73.7237324891671,5.29,4.28833015629833,36.3028533254093,54.69208192838,5.19568369035063,22.8031563737231,100.0,61.9066,51.3898529954355,43.5416458206961,2.64,6.56164821145973
LA,Lao PDR,2010,2010,4,1,1,1564.91068311647,84.7203378916677,0.708,22.5957941345194,30.4660210858755,30.6468600890172,5.98254521550082,27.4624877401915,70.2,7.0,43.5714766178165,13.510201924436,3.137,3.90935018167503,1666.40086189871,91.6986958680216,1.055,20.7912551864005,30.815970194642,31.2146877128668,7.5689885610998,28.0678025249814,70.0,9.0,41.7741927844051,22.6323815637534,3.049,3.43702755895922,1774.63585203672,98.1851264313662,1.399,18.5484865737637,32.4366446720109,31.7422801040872,4.2551267783209,32.504255276611,76.4,10.7477,40.1523222378494,10.0725855455966,2.953,6.06067602678934
LB,Lebanon,2010,2010,-3,4,13,8955.54336184707,95.0966529416243,6.775,3.86195936751946,13.809376206629,87.6392192810679,3.98347941855833,25.0361909614275,99.5,43.68,71.8617767348569,-0.113148697534413,2.256,11.1327936305686,8936.20027462737,102.139882412503,7.349,3.80460970714467,14.506216070168,87.8270813653079,4.97148571692384,25.6354269787084,99.7,52.0,73.5399992816103,-2.56732219881532,2.32,7.85693989450406,8920.8056984673,88.5455019230591,7.937,3.76453077704882,15.4855197381508,88.0195066808075,6.58147447683677,25.2971280567125,99.5,61.2498,72.9665422887919,-6.1397782867051,2.345,7.06847166156729
LK,Sri Lanka,2010,2010,4,0,11,2993.01411511147,,4.784,9.04833700762336,27.7831982984661,17.2486209380693,6.2176488930462,,85.3,,53.0103501842047,,2.134,0.814446069624814,3232.37350382301,,4.118,9.5331593503241,29.0731497643121,17.7881192817964,6.7167684358854,,87.8,,53.3645298046069,,2.144,1.41088360121529,3484.79049033884,,3.88,7.91028886852632,30.9698538096371,18.2617686748284,7.54291373239437,,87.0,,54.2044930627604,,2.173,1.3359173422599
LS,Lesotho,2010,2010,1,8,6,995.233432451681,150.102435487333,16.113,4.86217527655246,31.463352131548,27.4004815007995,-2.40524254598706,29.3520153599159,17.0,3.86,53.84333484589,-34.5487269706913,3.25,0.425490583298807,1031.99721564343,149.796606699153,16.157,4.54395157549887,33.1996499097292,28.6150355175921,5.0366305210156,28.0318080027946,22.5,7.0,51.8923641324372,-29.0192734149275,3.343,2.37160157638289,1086.39034816283,150.208575358438,15.813,4.89530867188129,30.8179398182836,29.8970340055453,6.05143662139967,35.9474149824151,20.6,10.0,52.8520996716815,-30.8961124507152,3.296,2.28650169667391
LT,Lithuania,2010,2010,0,-1,15,10884.1161852582,131.626507396009,17.814,3.06871518554059,26.2116518144494,66.7712860107422,1.31921362055463,17.0850047033206,99.7,62.12,60.0343254564853,15.8283205187035,1.5,3.00969561169119,11836.7200384033,149.645306927215,15.39,3.51897129368263,28.3534317115284,66.7518340055756,4.13027562645085,18.7988664422637,99.7,63.64,57.6254914588371,19.660329892353,1.55,4.35509015104087,12516.6184065667,156.638925650513,13.365,4.00007448760216,28.2001999312223,66.8536758422852,3.08998277055417,17.5779128736327,100.0,67.23,57.6622186397042,20.8836191083082,1.6,1.5855600934776
LU,Luxembourg,2010,2010,-4,-1,8,106544.057363484,293.671876906939,4.423,0.268412058048641,10.997972653402,88.48791681658,2.2736791162154,16.8240877972083,100.0,90.62,78.9069308415746,49.8310308667735,1.63,69.6063943388728,105290.249021891,308.714453874162,5.122,0.25111528958498,10.7084382796237,88.9562814837254,3.41068341068342,19.213253764947,100.0,90.0299,78.8372958017318,49.5325907048876,1.52,14.3333707152268,104487.744312565,311.786835204686,5.03,0.287951499538819,10.4267187903737,89.4405768017292,2.66284165508021,19.1775316113029,100.0,91.9499,78.8749543859531,49.3890479604218,1.57,4.7244838569188
LV,Latvia,2010,2010,-4,5,13,10500.8666223014,110.86235386272,19.482,4.11588497283241,20.8612025977954,67.8270681752453,-1.08463595015162,19.5198322313546,99.8,68.42,63.7264639687939,18.7999022553506,1.36,2.0239348136408,11018.5152421583,129.734758014485,16.206,3.77780079362838,21.418901034981,67.8266897008267,4.3707355993922,23.7249741856312,99.8,69.75,62.8873750736246,20.6432877933344,1.33,5.71773309105869,11971.0107466522,133.211503650958,15.047,3.53285388028976,21.4155903391561,67.8331638942219,2.25778924374595,27.0115757309662,100.0,73.1199,63.0435674657414,23.091199406226,1.44,3.98573894005036
LY,Libya,2010,2010,4,-4,10,12913.9334939386,98.077213074239,19.276,1.79953001101668,75.7449869936204,88.1177139282227,2.79989500109268,21.7988807392483,81.9,14.0,32.1610487205157,54.2676005009865,2.603,2.36664960687642,6569.59477578957,63.0054352895288,19.478,3.05766833710666,53.8989087023988,88.0970458984375,15.5184815317561,17.3944527825121,80.3,14.0,60.4271917105475,21.728608616757,2.646,0.0,12599.258882136,98.2243189168448,19.03,1.81559365235981,73.7369299183248,88.0727920532227,6.05980392156864,15.9361638710738,78.7,15.2,38.0498684426903,50.7302458477224,2.68,1.53985903839829
MA,Morocco,2010,2010,3,0,11,2767.04223632813,69.541979610144,9.09,11.9620812709231,23.7119126900355,58.3287516486646,0.993557401226392,28.3317038596937,95.7,52.0,47.166110243688,29.1091384237419,2.629,1.2299824583835,2879.53930664063,76.8258714906247,8.91,12.0819026098454,24.5065191885483,58.902576690412,0.9069249096918,29.0032363847791,96.1,46.1075,48.2264357061115,27.9415807576754,2.595,2.29046840496639,2927.45043945313,78.2221018956072,8.99,11.3297511522793,24.2659773507632,59.4348555979895,1.28712240079219,29.9543707765302,96.4,55.4161,49.1349653712344,26.2604869451181,2.543,2.65758712641507
MD,Moldova,2010,2010,2,1,6,2269.51116145996,87.9378518951573,2.937,11.1612572325879,20.4338917212317,39.2804946899414,7.48385086350851,22.5242792157291,99.3,29.68,54.5367158254819,-8.42683905779124,1.703,4.25879212676733,2402.94446306051,98.6175965326556,2.648,11.3842525996445,20.9107204171007,39.3469161987305,7.68725103356181,23.1620459782063,99.4,32.07,53.572447894711,-9.48800996795742,1.65,4.43147611475958,2389.08666147529,96.3064098336294,2.151,10.4481727207152,21.3145109050194,39.3614196777344,4.54633427355302,23.6339113929057,99.5,34.65,54.4511648315395,-9.84218941999778,1.661,2.88432657387508
ME,Montenegro,2010,2010,-3,6,12,5917.91788713074,98.8684992495822,19.649,5.46716738531637,17.1885067406217,64.3069625751293,0.654946570148479,22.0515648600772,99.2,37.5,60.7888561942815,-3.16882891812995,1.7,18.328887946631,6110.66013917018,106.752728264703,19.759,5.17096892815778,15.1880842120516,64.4210914835811,3.4501431124869,20.0881437583785,99.0,35.6115,63.291503899449,-2.76487236761674,1.65,12.3507061996589,5948.3791195297,108.779987603414,19.808,4.89539575741918,14.8926108798408,64.5244008658951,4.14524724981119,20.2976524864041,99.3,56.8388,64.0175673838773,-4.26469008723678,1.72,15.1805596099333
MG,Madagascar,2010,2010,3,6,4,447.417143030687,57.8748945101807,4.28,29.0780963483597,18.0075205568584,27.8651684949103,9.24732173644116,25.8858941194877,12.3,1.7,48.7541183093285,12.901259344304,4.896,9.13867133828112,441.755158414121,56.4830925951893,2.512,29.0502057606452,17.8532728101343,28.1336807024963,9.48254048582992,24.686024811429,14.3,1.9,49.1347880329208,12.3073389812145,4.737,7.05979214971635,442.641500123543,52.6517140811255,0.599,28.0006123574142,17.2760843242701,28.3988032871081,5.71384434191053,23.3657281371549,18.7,2.3,50.9548624555702,11.0785615752484,4.613,7.03680533355538
MK,North Macedonia,2010,2010,-4,7,12,4582.36517512347,97.8810691156562,33.135,10.1206048077275,21.0422688522191,58.1206815541291,1.50997522027621,23.0624108155574,99.5,51.9,55.0944897735173,6.16676118693059,1.6,3.20438209801498,4711.13027870081,113.19191013947,31.502,9.35099292094117,21.5924220032487,58.2409503926967,3.9047542206973,23.529145644203,99.7,56.7,55.0949403902746,7.96965009715933,1.46,4.83981702288781,4708.05168535923,112.214834702155,31.096,9.10471970396591,21.0808587045723,58.3924217811729,3.31605566687647,23.3705375795742,99.6,57.4499,56.3116157384889,7.46084769114405,1.5,3.46744163927686
ML,Mali,2010,2010,4,5,4,821.181286587872,48.8166953660615,1.405,25.9857196698272,23.77623896597,23.1359461824894,1.10892690670186,21.0735855497085,27.0,2.0,42.7504445319706,12.6248061680304,6.579,2.92612695500016,818.399030995547,43.1814699132908,1.422,27.5615497296504,23.9979253880521,23.6379674039304,2.95564395229392,22.1785284652915,28.8,2.2,41.2722148413838,17.2685153564912,6.545,3.60372353519049,786.323471336853,49.4252356223808,1.482,30.7772665359157,23.4100351460877,24.1606168848588,5.32312847064058,17.9935696457721,25.6,2.8,38.7717273817181,16.5075074810603,6.523,2.68901249459022
MN,Mongolia,2010,2010,6,0,3,2611.67326563924,103.350031656557,6.549,11.7325631980129,33.1942474892146,67.8298018313254,10.0462065881651,34.4863190088044,78.5,10.2,44.8404932199456,32.0948877990999,2.4,23.5263365544641,3010.81642672623,126.999228633482,4.769,10.3073568180221,31.3337485626924,67.9196058798676,8.41121495327101,48.4123299193304,72.1,12.5,45.7860011361674,36.2586062536997,2.6,43.9121127615061,3318.16496597089,109.588564338415,3.905,11.2580245572127,30.7715931133163,67.9522782537785,14.3303348325838,45.1162782409515,83.7,16.4,46.8583778990963,33.454356992492,2.7,34.7559826095308
MO,"Macao SAR, China",2010,2010,-3,0,14,74195.0577762344,119.938411439898,2.84,,4.80806668554439,100.0,2.80947242060845,12.4769927792723,100.0,55.198,93.9712232762282,68.1553518334985,1.07,12.8496394988665,88168.9713699088,122.886868700544,2.56,,4.16026426410164,100.0,5.80624616691043,12.322735241757,100.0,60.2037,96.1060982461366,71.5648712863245,1.15,4.76089394778049,93192.885853941,123.711349167944,1.97,,4.03466730800993,100.0,6.10738928336549,13.5165991034717,100.0,61.31,95.5698054817464,72.4811581268527,1.357,8.25528889419514
MR,Mauritania,2010,2010,7,0,1,1460.19179652873,93.4207451334608,10.075,16.7330487035243,38.1929057828319,45.9541923109942,6.28354087427704,33.2788670078419,34.2,4.0,39.9492728035458,30.3090342266999,5.384,2.31890567703789,1472.55245572229,98.485329604158,9.968,14.5158947387598,44.107903772358,47.1350407023691,5.68631959575954,29.426133347,35.3,4.5,36.1958838869826,40.5338556542986,5.38,8.70335489423716,1488.97177557214,110.788122743421,9.864,16.0859607599369,37.4741781393169,48.2732447351525,4.90242727217997,33.2347577458968,36.4,5.0,38.8685569000327,34.9014102447536,5.352,20.6013054045892
MT,Malta,2010,2010,-3,-1,8,20750.6479461598,178.232955302139,6.847,1.27165196308386,17.444614846917,94.2412435620154,1.51563513618532,20.8223026277002,100.0,63.0,69.4975433945079,22.8796932973524,1.36,101.626395981622,20867.9310851632,192.027341380783,6.378,1.0871330532594,16.4455470187534,94.3155916422812,2.9629852819288,17.989167723051,100.0,68.0198,69.9305579683524,20.3596071957842,1.45,79.7489301790045,21529.3982167566,199.213865142839,6.197,1.09105416670745,15.0753253659227,94.3626256493653,2.37582057760386,19.7766669211782,100.0,68.1999,71.976214746342,21.6578060625705,1.42,34.5864895796677
MU,Mauritius,2010,2010,0,0,15,8114.82056038003,111.508202075575,7.654,3.59110980182453,22.1595330116331,40.3046131827718,2.93236301369857,23.8217221316751,99.4,28.33,63.3764437286062,14.2004937575849,1.57,4.23808594970717,8432.19129317694,115.552473002804,7.447,3.65312332199749,21.3051130600799,40.1665923228716,6.52249254869341,23.13943082155,99.6,34.95,63.6969751208162,14.3356601634747,1.55,3.71075064331171,8702.82242878289,117.447639083027,7.472,3.6066947724863,20.6501837940607,40.0369511615085,3.85216033315983,22.2704402338839,99.4,35.42,64.1212056440386,13.6049791737564,1.54,4.97804411127418
MV,Maldives,2010,2010,0,0,15,8569.52494600725,,10.881,5.63412071744814,9.43175572799709,36.7646137762553,6.14988536750173,,99.0,26.53,77.6940062981947,,2.349,8.36376433060736,9005.81391375104,,10.06,5.38563467872235,10.0744820731282,37.1274623517731,11.2734146055937,,99.1,34.0,75.0633081409914,,2.307,15.2659407539778,8907.66134868182,,9.14,5.19060488893993,9.79079163285008,37.475963433544,10.884695658563,,99.2,38.9301,75.4770286319992,,2.254,7.89895747225905
MW,Malawi,2010,2010,4,6,4,508.088650552846,,4.798,24.6321400620979,17.9317288193438,15.4776969380518,7.41159092883827,,8.7,2.26,51.1943503329606,,5.263,0.957814621345542,517.833736624232,,4.842,23.9314133083531,18.1661996680566,15.5523153908723,7.6228226284852,,7.6,3.33,51.6606062394182,,5.083,6.97752227761724,512.74031797451,,4.952,23.5292854390256,17.7185220797601,15.6253133040464,21.2712650013779,,7.4,4.3506,52.5104116951348,,4.902,-0.101285426070357
MX,Mexico,2010,2010,2,-1,11,9389.06722084275,59.2733845293851,5.303,3.09200838670805,32.539487048306,76.5244441414713,4.15672722680174,22.5530971556916,99.2,31.05,60.4783490503534,18.1830895111486,2.34,2.76223720216686,9575.93437788582,62.1623872764498,5.175,2.97569483968178,33.8231022149217,76.5667802279537,3.40737824605742,23.4720687923852,99.0,37.1763,59.8866488342752,18.769257144668,2.317,1.94422336354514,9782.51776305354,64.2579318900113,4.892,3.04872937148888,34.0963424723894,76.6585199140734,4.11150981070289,23.6882073368071,99.1,39.75,59.9372072773832,19.3883253289946,2.294,1.45258915052409
MY,Malaysia,2010,2010,0,-4,11,8118.92270511981,157.944764886771,3.39,10.0899159275121,40.4989323548818,70.8625314831025,1.62285235577035,22.4353995573594,99.5,56.3,48.4774187579282,39.302244611253,2.144,4.26864663854031,8400.32248683558,154.937684607226,3.05,11.4533531198278,39.8242687277964,71.4245166681964,3.1744709215131,22.1831391427095,99.5,61.0,47.766725565489,38.7613478946139,2.153,5.07446032143377,8710.52671359902,147.841754766013,3.1,9.79375074645921,40.1350010090069,71.9680127926087,1.66357102479206,25.3634484150354,99.8,65.8,49.0223958354783,36.5066944521092,2.117,2.82905738174529
MZ,Mozambique,2010,2010,3,6,4,494.162859074785,73.8373532681892,3.261,27.3093770922399,16.8681862980766,30.9861779822921,12.4255421735156,,18.9,4.17,46.4980980243579,8.09463346864614,5.66,11.0275561357338,514.869957191994,84.4062119333019,3.296,26.4848729989708,16.5093372512898,31.2062230032794,11.1666056127874,,20.2,4.6,47.0499217311335,7.75767255401594,5.599,25.0623636819297,540.2945177803,105.934588060511,3.305,25.5177066547282,16.8740038772507,31.4315251735105,2.60245456956618,,21.2,5.0,47.6027313250162,4.69071983671763,5.518,33.767102801243
NE,Niger,2010,2010,5,5,4,441.079166112039,51.9459863027627,0.722,35.8213879566765,23.0003411876002,16.2416301279116,0.804073080882659,31.870470362767,13.6,0.83,35.1075507996062,13.0633053639576,7.64,10.146689915564,434.986264873953,50.2463951569345,0.316,33.6467642815211,22.7795105220039,16.2303066053496,2.9423851401332,31.5627689193736,14.3,0.9,36.6722707602193,11.9458356588307,7.592,12.1645061403035,463.066265496402,45.08596447308,2.177,33.6809938208632,26.5372397334702,16.2141284004355,0.455089820359289,28.8051401650125,14.4,1.05,34.9550459944691,16.4294245071131,7.527,8.92367913404553
NG,Nigeria,2010,2010,3,4,5,2315.46676509663,,3.746,23.8937040912791,25.3174522378126,51.6778188255446,13.7400521363694,,48.0,11.5,50.7888436709083,,5.948,1.64207369186652,2370.97657091803,,3.77,22.2347109931956,28.2777998870502,52.490352424079,10.8261371880017,,55.9,13.8,49.2430315160577,,5.893,2.133117701613,2403.65387896924,,3.76,21.8599586165277,27.0730175029593,53.302114902293,12.2242413020584,,53.0,16.1,50.1858844831558,,5.797,1.52378233769127
NI,Nicaragua,2010,2010,1,2,6,1704.37875049059,100.364058423919,7.83,16.9826368007048,21.9687134501788,56.842311091973,5.45513425887423,21.1737341412017,80.1,10.0,51.7336180965215,5.41004008134247,2.596,5.59335824334059,1786.62863418308,111.827453935999,6.618,18.8847883857771,23.1571014574195,57.0362425004184,8.082387980991,24.6137378801078,81.2,10.6,48.451431344224,9.18914774989188,2.558,9.5791738556055,1876.1759720149,115.177288474198,5.208,17.6115834733674,24.5476946484698,57.2316842226606,7.1935505333896,28.0647253576682,81.3,13.5,48.0435097123832,10.7727397424269,2.527,7.36516075625111
NL,Netherlands,2010,2010,-2,0,15,44659.272839058,130.081707935343,4.991,1.78780819318779,18.9533173048512,87.3502790247129,1.27530569556683,19.4400813658009,100.0,90.72,68.7900258467051,28.5301280516063,1.79,6.47724170250418,45239.7318887962,141.757099325776,4.977,1.59844393327571,19.3209585785648,88.0059204972573,2.34107017751373,19.9314647728018,100.0,91.42,68.891165266542,28.5049229207348,1.76,39.0408469194559,44631.8745388789,149.393223058131,5.821,1.69697006526574,19.3226704262327,88.5342462391333,2.45554765291604,18.5904058143633,100.0,92.86,69.0876469086887,28.3406154668871,1.72,30.9042384931276
NO,Norway,2010,2010,-4,1,14,72804.3956188398,68.2395193584281,3.527,1.5247849522003,35.3094842115323,79.245002746582,2.41890639481001,20.6378334435552,100.0,93.39,52.2863522035994,37.0496720019683,1.95,5.01894398780264,72660.6754124944,69.5987336334833,3.196,1.30483723965979,37.6245805499,79.311620451463,1.28495158809152,21.3819281554801,100.0,93.49,50.5772565783691,39.1698153227359,1.88,2.05367635776007,73661.6785830334,68.4985528389766,3.129,1.07727511345649,37.4765762389368,79.4905925441617,0.696864111498362,22.3052199034421,100.0,94.65,51.0970868383772,39.9477117960552,1.85,5.44056216851406
NP,Nepal,2010,2010,0,8,6,721.265221364302,45.9849057742707,10.554,33.1793784908122,14.2007622567226,62.0156581578338,9.32650410745395,22.2077275326256,68.6,7.93,46.3988379106184,11.4514009862723,2.541,0.548294665887946,742.617252662576,36.296758890097,10.64,30.8054854756814,13.393470598846,63.139949798584,9.2270754612596,23.9823906217099,67.3,9.0,47.9028529373703,7.12580847922927,2.462,0.435814930594323,775.310578479839,37.921906058758,10.643,30.0760569579428,13.9771618084251,63.6558406194333,9.45980980357125,23.9904073980284,75.2,11.1493,47.987452587668,9.12063374803114,2.42,0.42369151125933
NZ,New Zealand,2010,2010,-4,2,14,35489.7631519026,58.1047406012087,6.557,6.57130523506789,21.3739109959972,85.8614043258228,2.30202385958572,19.9528098265442,100.0,80.46,64.2365198963975,22.6659995290794,2.17,0.194915236759351,35957.523248516,59.1724105593848,6.491,6.27701974023538,21.0821962770197,85.8233151875134,4.0279066739204,20.0543911473719,100.0,81.23,64.2828339663338,22.1962770197402,2.09,0.818121298166467,36607.1493914827,56.9087671962042,6.931,5.50645632003524,21.0796325358149,85.777700676896,1.05991318445632,20.9139799748538,100.0,81.6445,64.9738902196158,21.9698429742206,2.1,2.17878824315978
OM,Oman,2010,2010,3,-4,10,22766.0503620721,96.3865546218487,3.935,1.24729891956783,63.2733093237295,75.1579724666274,3.25657959078624,29.5502200880352,100.0,35.8278,39.9391756702681,51.1888755502201,2.973,1.91196478591436,20993.9079436935,101.641731939942,3.958,1.10041680929465,68.1872487230601,75.6585803514688,4.0421886711639,28.5527790642262,100.0,48.0,37.0144775788817,53.8543113921162,2.955,2.10218875218974,19824.1215485946,102.0747604043,3.765,1.01551086474633,67.5378696587491,76.088156621068,2.94773495257209,27.6529589064736,100.0,60.0,37.4757131338017,53.5816618911175,2.928,1.5612029028198
PA,Panama,2010,2010,-1,0,15,10698.0717490512,145.448718647896,5.845,3.63600328597003,18.7740620895039,65.0926097647906,3.491288726188,29.1485155015924,86.9,40.1,73.3921339140751,31.9429681050686,2.587,8.43207037866722,11761.4988389067,158.20839556043,4.03,3.27922462259298,19.3755839924897,65.1896678664818,5.8758024367877,30.5701530397366,88.6,42.7,73.0752392207841,34.9014668957918,2.604,12.3168354603605,12668.2945402358,153.208620289839,3.691,3.12877687729717,20.9812468831741,65.2829468288151,5.69819959165992,34.8561738913132,89.3,40.3019,71.8565162443201,38.3840332692168,2.591,8.13045858557062
PE,Peru,2010,2010,3,-2,11,5167.39259325937,51.6728089370033,3.6,6.82799723597835,35.7720066029406,77.4020936833934,1.52832059732901,23.5133786325771,88.1,34.77,48.9435774885792,27.7400284080003,2.421,5.73087732837535,5453.45718713631,55.9882802838607,3.477,7.10011013658205,37.2361002771383,78.0118164985462,3.36931095333853,23.3485326044448,89.7,36.01,47.7582660570047,29.2181148253141,2.413,4.47262658184166,5740.04346272472,52.6198952632294,3.238,6.72523424077649,35.5335533553355,78.6488061451268,3.61121294940163,25.0445259194971,91.1,38.2,49.129259974298,26.8853897912153,2.356,7.36173683394684
PG,Papua New Guinea,2010,2010,6,2,1,2140.50939027384,,2.002,19.6083870979546,33.1688098579341,13.0021920069407,6.01360893567856,,19.5,1.28,44.1440002030136,,3.883,0.249749808529939,2102.03192060639,,2.62,19.1997113715188,31.3362203529409,13.0000025015364,4.44083401028971,,17.3,2.0,47.0232947143647,,3.816,0.202496658911332,2139.48096660428,,2.631,19.2739507668723,27.5731803314458,13.0143796071362,4.53720508166972,,17.5,3.5,49.6021773873939,,3.746,0.135226482435046
PH,Philippines,2010,2010,1,3,5,2373.14312064664,66.1042785137797,3.605,13.7488650524217,32.3395560456604,45.5208176726647,3.78983634797591,20.4021361731953,85.5,25.0,53.9115789019179,20.0871520644219,3.315,0.513698049517659,2416.75212064542,60.7958366999075,3.592,14.0957351510823,31.3386827828469,46.6833632464759,4.7184170471842,18.9666386616273,87.2,29.0,54.5655820660708,18.1549576242084,3.236,0.856963002985963,2533.74141964959,57.8420055133082,3.504,13.0958070106782,31.3994933632444,47.9182784810426,3.02696391124796,19.9300649509853,87.1,30.8,55.5046996251733,16.6528701709282,3.143,1.22763000703119
PK,Pakistan,2010,2010,1,5,5,1256.69482201323,31.9890020462315,0.653,22.6888101741789,20.9650197800876,34.8159187475539,12.9388705634889,14.2515524271765,87.1,8.0,52.5995937357421,9.24699949959427,4.398,1.02791108080423,1261.83161907857,32.3626382751438,0.796,23.819642978628,21.1864809532945,35.0113675889897,11.9160927116277,12.9216275193967,87.8,8.0,51.8065797217263,9.23409896802608,4.305,0.575055145839944,1275.48806898966,31.3189732760076,3.667,23.3861955340345,21.9583720724829,35.2160229383731,9.68235186055684,13.4589869383626,88.6,8.1,51.5898687341456,7.59794195724363,4.204,0.343453048660945
PL,Poland,2010,2010,1,-1,11,10808.3975674238,82.2258523219922,9.578,2.91554815662609,29.6974993930566,60.8474783987677,2.58069370250543,19.610376998578,100.0,62.32,55.3297957201817,18.4172302569972,1.41,3.94489462074706,11370.313427173,86.9236892837618,9.576,3.17180701243977,30.3941659979475,60.7357090652544,4.2394014962594,20.3980983864419,100.0,61.95,54.294328089083,20.0577389725276,1.33,3.57128957712437,11542.2353368014,88.8299033066583,10.031,2.98562113420809,30.2281657114043,60.6341632788866,3.56037151702783,19.4237357928102,100.0,62.31,55.3349007114845,20.0178518371488,1.33,1.52886091421625
PR,Puerto Rico (US),2010,2010,2,-3,10,28569.5077088001,104.153228306599,16.1,0.83552463730404,50.901238345092,93.7588772214391,,9.06523902408283,100.0,45.3,48.5622775873057,31.2616320377958,1.6235,,28706.0207514856,108.558400106824,15.7,0.792213784121246,49.7847071848309,93.7598202101009,,9.57143725517355,100.0,48.0,48.8661377933807,31.5792358275944,1.5965,,28968.6942131352,103.311186552821,14.5,0.803821796527931,49.6384574183182,93.7630744424317,,10.1965444721006,100.0,69.0,48.9893151958159,29.4129462175872,1.5425,
PS,West Bank and Gaza,2010,2010,-3,6,12,2927.08101953403,68.4976501575169,21.416,9.00273717915612,18.6262459329649,83.8853491139676,3.74915727597096,18.8493518566338,99.9,37.4,57.6987037132676,-19.0466353354336,4.434,1.85860711452246,3128.10811061384,67.2495329024414,17.597,8.34249649118102,18.9342129964867,84.2340950604341,2.8772435849594,21.0770509829163,99.7,41.08,60.2175914751343,-17.0622468957009,4.305,2.13515604683715,3237.91619995789,66.9293273483831,19.202,8.10589430228367,20.2360669702828,84.5465135943222,2.77908768282492,20.4711510107795,99.8,43.4,59.9775564365519,-14.3917302840667,4.154,0.515918270255689
PT,Portugal,2010,2010,-4,5,13,19698.6836791397,67.6892401927983,10.771,1.94034870976094,19.9335310982463,61.0788867241731,1.40257289895369,20.648039322463,100.0,53.3,65.9900107723019,13.5653827340746,1.39,3.77376819569615,19389.6395896162,73.0075756700531,12.682,1.8384390598893,19.3319728029358,61.1410698395502,3.65301100430724,18.4841132585209,100.0,55.25,66.2727108617798,14.4768304173321,1.35,4.23648756430888,18679.7626789594,75.9411067187813,15.531,1.92004687349348,19.0867583864245,61.1409793914666,2.77333854051586,15.8781657037328,100.0,60.34,66.391814938701,15.2595655301822,1.28,7.21535195239496
PY,Paraguay,2010,2010,3,-2,11,5191.05014254362,81.2575233746789,4.569,13.0144797820583,34.6039155110683,59.5122792618786,4.65116279069765,21.2916134287483,97.4,19.8,45.3490217664919,26.8571183172112,2.695,2.68120712223121,5342.19015717538,78.4921238489902,4.67,13.7962263457992,34.0345623930043,59.693499539898,8.2539682539683,20.9477801569282,98.2,24.7635,44.8644751127154,26.6471654969572,2.667,1.85517209253056,5230.26244858989,74.7649574561086,4.085,10.0422288968025,34.5140981436728,59.9212909454702,3.67591897974496,19.536014511612,97.8,29.34,48.1424560989953,22.4902922713756,2.658,2.47006180161599
QA,Qatar,2010,2010,2,-4,10,72333.8027430124,87.1111970364642,0.45,0.119332537783081,,98.5066232166665,-2.42525675161714,,100.0,69.0,,69.481314569014,2.137,3.77775259249383,81608.4080652473,98.7216351018991,0.56,0.0966101306365461,73.2142681700731,98.6300610210909,1.13836623529202,,100.0,69.0,28.5571358862424,75.5496133957315,2.07,0.559389030984015,80621.7554942834,105.746286433535,0.48,0.0942544487805739,73.4692107035411,98.7428010471968,2.31534853431661,,100.0,69.3,28.482929798816,74.3429391507395,2.04,0.211888706229028
RO,Romania,2010,2010,3,-1,11,7660.70667630517,69.9549354932718,6.959,5.1772466335768,38.3073286489437,53.9038227941329,6.09141668601891,25.6712631661725,97.1,39.93,45.9961975955111,20.5173305455201,1.59,1.88971859139686,8044.57194920892,76.271356441629,7.177,5.95088848587022,40.2099159620935,53.9608874244169,5.7892532881588,26.7682443996015,97.4,40.01,42.3345168458964,22.0115626623073,1.47,1.23042689104897,8234.28553425194,76.5943239913672,6.794,4.54079724771484,34.4276463515754,53.9563092496073,3.33492267693442,27.0083434921936,97.8,45.88,49.4343903967501,21.5446286122978,1.52,1.70143772893217
RS,Serbia,2010,2010,-3,6,12,5690.70327182682,73.7088615865295,19.204,6.11650941889437,25.0306267248726,59.3505550689338,6.14255360247248,17.5450937651917,99.7,40.9,52.9129127744788,5.59177788606997,1.4,3.88925451665989,5737.00120175811,75.7493613069523,22.959,6.34800451775273,26.27931177307,59.4349187787267,11.1373976342129,17.3249042888346,99.7,42.2,52.2712525828359,5.84773276772646,1.4,9.6203440965999,5739.3075023532,82.0766814348254,24.0,6.04364014215639,26.5789003129754,59.3468437194824,7.33038589596646,19.9488493046734,99.8,48.1,52.3042523803937,5.58284536327742,1.45,2.82759932149649
RU,Russian Federation,2010,2010,2,-2,11,8755.1201171875,50.3555054872589,7.407,3.34389824902191,29.999588218512,73.6696307887624,6.84939230255025,21.6253843085054,99.3,49.0,53.1202122391884,29.7870346064339,1.567,2.8308286983175,9120.8203125,48.0353994077919,6.571,3.1507257212962,29.4135888378747,73.8534851074219,8.4404648593257,21.3216555211764,99.2,58.0,53.7975831653192,31.989553182287,1.582,2.69236118071968,9464.0107421875,47.1513903857957,5.484,2.92603087775353,29.102868072666,73.97265625,5.07474300799149,21.5611849041311,100.0,66.0,54.5096468238003,30.5858444659151,1.691,2.29079869889368
RW,Rwanda,2010,2010,2,7,5,583.371416419483,37.2788790923351,11.673,24.3144893985439,16.328981915635,16.9255580310614,-0.246128693436934,19.8702412861231,9.7,8.0,49.8792967990238,4.73915153105911,4.522,3.52981463633808,614.539650123021,39.71610247751,11.775,23.8371959544057,18.1678448507507,16.9323586881273,3.0801706924026,20.5062993645138,10.8,7.0,47.8976422904983,6.50303566339313,4.332,1.62859755954292,651.852818665834,40.5408629987193,11.701,24.765432008534,18.2255034210874,16.9410248882148,10.2710182318876,22.6354803172049,17.5,8.02385,48.8490732798953,6.75183786010872,4.201,3.52219420805752
SA,Saudi Arabia,2010,2010,3,-4,10,21830.1424272816,82.5496850227537,5.55,2.61912238524459,58.0314401714882,82.0791668544465,5.33941733020903,24.4308044616812,100.0,41.0,38.6088698481102,47.5160770162027,2.81,0.923670092367435,23314.5576023168,84.3594342438995,5.77,2.15288829129967,63.0803869808085,82.2543876159947,5.82621637394042,22.4138268772542,100.0,47.5,34.0894612999603,52.9530910746341,2.8,0.688133631504519,23643.0358324647,81.74067854616,5.622,2.06209514825132,61.9428982819125,82.4311918025358,2.86627029905053,22.0777705469189,100.0,54.0,35.2326927816917,50.9568199510232,2.78,0.669626013751334
SB,Solomon Islands,2010,2010,3,6,4,2058.95691648883,96.1485545423385,1.617,32.4643241866501,12.9725534512526,20.1194058206257,1.05148163321038,17.9438829858377,35.4,5.0,48.4538045268229,3.98434972681729,4.341,18.4740701129879,2132.02844199392,107.247515572534,1.292,32.8222866783226,18.6507336880232,20.7284892962955,7.34270706018,15.0193620851994,39.1,6.0,46.104801720938,13.4244069422536,4.335,11.2842365456827,2105.91423758379,104.823434628967,0.984,33.3378663398999,18.2452798557842,21.3906964219987,5.91200602491155,16.0046283404087,42.9,6.9974,47.7061255001944,11.7195472724166,4.332,2.01494633587355
SC,Seychelles,2010,2010,-1,-2,15,12313.5566919249,198.162692424328,,2.23545934618328,19.6134912354854,42.660307244583,-2.40463875108227,37.0314238165867,97.0,41.0,61.5630454862737,21.571925850964,2.16,16.2787980957365,13843.7116081878,210.075382747992,,2.19346218388635,20.6952608634553,42.6739844860866,2.55926772230953,34.816249355555,98.1,43.164,59.697762704269,20.6311008703676,2.33,13.5270690867223,14135.0010570653,222.178254853141,,1.99985279931942,19.7343819448264,42.7261758463169,7.11037062326403,37.7299203495349,98.3,47.076,60.6962628362195,21.6027159999182,2.37,56.2882654419862
SD,Sudan,2010,2010,5,4,4,1311.22314453125,32.728309950035,15.161,31.8522211122842,21.1420469221691,32.7174026591513,12.9776663898014,20.3985392323003,36.0,,30.8333184053026,31.4923715226677,5.141,3.50004539535845,1388.21813964844,27.512339023518,17.44,27.8476934681736,20.3300649001863,32.9059760141986,18.0966171221351,23.2624340175259,38.3,,38.0051092550931,33.5830912515001,5.087,3.15234852962884,1288.25854492188,21.8561745247301,17.002,33.774624171049,17.6175266828595,33.1425561614901,35.5590574147024,19.7241316199789,40.7,,46.0544465200986,13.0200366354954,5.031,6.14212434699966
SE,Sweden,2010,2010,-4,1,14,48205.5492512742,85.0914849272733,8.61,1.36161648243538,23.8590077358558,85.1334228515625,1.15798802715628,22.0467665339345,100.0,90.0,62.9438881558682,27.0844772116906,1.98,0.126859666003953,49356.5905257047,86.3907448060188,7.804,1.41167566441203,23.7337228802394,85.3600748880524,2.9611507382214,22.4066937719191,100.0,92.77,63.3981651455389,27.6748082293943,1.9,1.22329216394859,48789.7906883637,85.2980605424359,7.976,1.252545647128,23.1051457982894,85.6250668883122,0.888377506923638,22.2577020508821,100.0,93.18,64.301791249552,26.3628491916354,1.91,0.777373680569341
SG,Singapore,2010,2010,-2,-2,8,48752.0515441859,369.685555787646,4.12,0.0361489888834213,26.6358717243037,100.0,2.82884527612958,25.5697212154501,100.0,71.0,67.8435170825381,53.9705933174527,1.15,23.0694716770802,50713.5326393594,379.098631377539,3.89,0.0346076007512354,25.2595925808817,100.0,5.25115624639373,25.2649146379052,100.0,71.0,69.0231236262618,54.1475473428278,1.2,17.5960314065854,51679.352717333,369.212965787665,3.72,0.033272726533169,25.0222021555412,100.0,4.58084479423094,26.4299882989556,100.0,72.0,69.2086270458185,53.8360850447636,1.29,18.7435244231802
SI,Slovenia,2010,2010,0,-2,15,20444.1201295876,128.606575425363,7.236,1.81942536718625,26.3518668029855,50.1194862794826,1.80117022137134,21.2216002661579,100.0,70.0,58.6420215397293,23.6352153065878,1.57,0.667761282375455,20535.4155754108,140.332355750319,8.166,2.04087230966772,26.5487234278155,49.9463818748723,1.8028517194191,20.08483828855,100.0,67.34,58.1676012805429,23.1025414376237,1.56,1.71085960342006,19894.8697964548,143.656448572975,8.841,1.82601354087255,27.0724390429475,49.7619476318359,2.59741386039003,19.1676737562844,100.0,68.35,57.688460637012,22.2951830736143,1.58,0.072644638587861
SK,Slovak Republic,2010,2010,0,-2,15,14596.1477776887,155.108497681586,14.387,1.4985946805378,29.956654996582,54.5650740704331,0.957018132975143,21.8497529970948,100.0,75.71,59.1835880081695,24.4320033188837,1.43,2.32222893370545,14950.8735178599,169.178076311066,13.634,1.79373080653758,29.9295585244148,54.4167387988534,3.9192859914629,23.9414977059811,100.0,74.44,58.3282317364822,26.6214202457525,1.45,5.44765747649664,15159.6570420004,176.968958181431,13.966,1.79463304702131,30.0711048440783,54.2764528316182,3.6061026352289,21.0504458662276,100.0,76.71,59.0349975688211,26.3236714030336,1.34,1.87551069035637
SL,Sierra Leone,2010,2010,6,2,1,902.769891411394,27.9541259241389,4.413,30.542621858137,20.2650996328359,38.6417328938613,7.18566275668163,34.2329697821293,11.5,0.58,46.2373485307333,30.9827493675039,5.327,5.59265918271249,950.760763054593,43.7807969332619,4.54,31.5846615609542,19.6837646221541,39.0472153491602,6.79138291952621,46.3315709602933,14.2,0.9,46.9470284022028,14.2797330631735,5.209,19.5505875068329,1025.04366004502,53.3813447139398,4.552,30.6570937162864,23.5297216066996,39.4644094876975,6.58776239392585,29.2017427211432,17.2,2.5,43.980867472737,16.6171200700226,5.064,11.7630516727995
SN,Senegal,2010,2010,2,5,5,1153.53431121583,52.4578551962948,2.803,15.945261535619,21.7761763055679,43.6371785059692,1.22868119673344,18.5165937108428,56.5,8.0,52.4270621171615,7.59156912297733,5.055,1.68778336701059,1139.74447892639,57.5768785989578,2.853,12.9470610352017,23.3061329625455,44.0689668509475,3.40322829786971,21.016036842452,56.5,9.8,53.7636944684195,6.03055918455907,5.099,1.90106996405963,1154.05677992367,61.9753040040375,3.888,14.0976923523704,23.1117975253125,44.5359772452989,1.41822871177854,20.7024327245936,56.5,10.8,53.7359773167972,7.59754209409878,5.129,1.56368019565039
SR,Suriname,2010,2010,5,-1,3,8603.90786745855,90.9613941465855,7.15,9.47219211206537,35.1705161344117,66.4338443691967,6.94108221639996,37.5385641624281,91.2,31.59,48.2448094721921,50.7462686567164,2.688,-5.85344056449596,9003.28597674886,,7.54,8.73235538333795,35.1093274287296,66.3675227342307,17.7117796414558,,94.6,32.0,46.9969554386936,,2.667,3.28538383339053,9140.92898611536,,8.1,8.38505537300718,35.2622611658756,66.3132562693376,5.00686319367273,,94.6,34.6812,47.6572958500669,,2.669,3.40245351551791
SV,El Salvador,2010,2010,0,3,13,3398.49346060363,73.5372876725398,4.893,6.98170850697531,25.2759118643186,65.4327927543162,1.17933576873673,14.7530995364247,91.6,15.9,59.5027515297118,-2.97231340985867,2.239,-0.613406192808089,3514.069144355,79.2766437025052,4.297,7.33019190703113,26.1954132809565,66.334413642034,5.1289237668161,16.2875460096688,92.6,18.9,57.8388249133051,-3.52315988440024,2.224,0.603930846788838,3601.44222914588,77.6485716222883,3.843,6.5143562539307,26.589358065851,67.2232666950659,1.72973481581383,16.5962082936854,93.7,20.3214,58.3439749557541,-2.79695036273476,2.187,2.01123945886672
SY,Syrian Arab Republic,2010,2010,1,6,5,1526.36894402751,64.0101646947258,8.61,19.4389732007252,30.4265241661983,55.6962002889119,4.3974138315007,20.4589000524604,92.7,20.7,50.1345026330765,20.7823061212898,3.355,2.3931861526359,1542.71957174916,50.6960943456553,8.627,20.646904744337,33.7332140485501,58.4817704183521,4.7531638888563,21.6309427187093,91.5,22.5,45.6198812071128,9.67350402124991,3.285,1.19065657189387,1142.29080150598,35.3686903315942,13.8,23.432298282026,25.0488124668991,65.0896662830335,36.7022953364139,12.7880398381139,90.7,24.3001,51.5188892510749,-7.15141485075915,3.221,0.0
SZ,Eswatini,2010,2010,7,-1,2,3069.52175725884,,26.736,8.30965206310733,38.7137888432086,22.3330792067471,4.50923691774369,,45.6,11.04,48.4208880754558,,3.375,3.11096766561026,3108.70225253092,,25.987,7.97421442671441,37.8793869465389,22.4634753665393,6.10742714590251,,51.2,18.13,49.2864972661237,,3.317,2.08998856482498,3218.50138205493,,25.128,8.44107107954548,37.7231797224699,22.6237715926065,8.93964682788212,,54.3,20.7818,47.7032450637046,,3.266,0.557730516305156
TD,Chad,2010,2010,5,5,4,956.953018715651,63.7311691270791,0.878,33.2509512944262,37.9286133933223,21.8472378191095,-2.07786574641866,22.2724742978321,6.4,1.7,26.4840061921648,26.9999859235859,6.99,2.22641001271938,965.286963557057,57.5437561870898,0.905,27.1563338879622,41.0747792133064,21.9558736797638,2.0292405367826,23.347597439763,9.0,1.9,29.3196564962166,32.7512014420444,6.948,1.68950609671276,1016.42152061894,54.3851887421013,0.9,27.0843972280265,43.4028876654672,22.1061904148178,7.51662364663833,22.9050114032238,7.8,2.1,27.528208864441,37.3376807073062,6.905,3.24047414068829
TG,Togo,2010,2010,2,5,5,644.5632812645,66.7974885937104,2.383,21.077801220787,20.3367703008535,37.5545882975638,1.44594517430864,17.8931098133478,30.8,3.0,50.6230186694827,4.49383325846237,5.087,2.63493273204289,663.96334052788,77.732312664143,1.982,19.8649717432319,21.7641490273027,37.9872305648732,3.5635147290396,21.5932895996857,39.7,3.5,50.8512251121876,5.16127744620335,4.984,13.4388023170829,687.495464571464,75.7132085684163,2.03,20.975947911624,20.0154635557205,38.4194359598204,2.57718174055848,19.5498563995024,39.1,4.0,52.1384498382369,7.96163272571762,4.854,2.24458540176674
TH,Thailand,2010,2010,4,0,11,5059.35747831657,127.250522638251,0.622,10.5221756369849,39.9217256985357,44.0018736622496,3.24758842443723,23.9927018003552,99.7,22.4,49.5560986644794,32.0236543828751,1.562,4.32320928209171,5070.23740191942,139.675407224576,0.66,11.5917917775207,37.9813982711097,44.8048723557374,3.80879058139634,25.8363693834547,99.3,23.6699,50.4268099513695,30.8972764078874,1.571,0.667087644548593,5403.87846036273,137.67493851024,0.58,11.5041001535767,37.343694137461,45.373565813715,3.01489950334985,26.9936528421727,99.1,26.46,51.1522057089623,30.3786202566863,1.563,3.24456444314608
TJ,Tajikistan,2010,2010,2,8,5,770.604105393791,73.493044509473,11.542,19.5866775137511,24.9766261519968,26.5274312963978,6.44531440780658,24.4893168360512,98.8,11.55,45.0918966612836,-22.2664740094952,3.457,1.6649590356128,809.368229154093,79.7842446734572,11.557,23.8355098416752,22.4687490647166,26.4792213439941,12.4315490430406,28.592901490135,98.9,13.03,42.4317700383425,-24.4340912038469,3.456,2.23653413214552,849.519080831738,83.1759445401528,11.444,23.3268165616333,22.0426346192666,26.4102249145508,5.83116601031462,21.7232482834713,99.1,14.51,43.5186695830833,-27.7241165718647,3.421,3.16697499395782
TL,Timor-Leste,2010,2010,1,9,7,1195.38066079604,134.400510427226,3.301,25.5964075072135,9.13730561255393,29.6398840020416,6.76597680236481,42.6868663552232,38.0,3.0,68.9278978667205,-74.5534403422759,4.816,3.43944724816262,1237.48380284894,140.766344089557,3.384,22.1602384152073,12.9857431156539,29.633352306451,13.499840238577,70.1085769660032,52.7,4.0,66.9707384487337,-57.6198295886711,4.614,4.70566335701583,1269.41625561248,128.500488863095,3.468,25.7964964541939,12.7911410611587,29.6136082349605,11.8003096701544,57.6008064351503,56.0,7.0,69.1261390665029,-54.2257120650916,4.404,3.47958024159337
TM,Turkmenistan,2010,2010,6,-2,3,3900.14237925855,96.8630558404027,4.0,11.3405425561667,59.1311643516361,46.9171732247121,,51.8808271961717,100.0,3.0,28.1435350051273,87.8267945371492,2.848,16.0841101892421,4379.74943394339,111.062833823441,4.002,8.88435455800276,65.8692912440737,46.9397537877858,,51.9318442057253,99.8,5.0,25.2463541979235,85.5750397887535,2.9,11.6000011402509,4761.0792759807,109.333652637251,3.986,8.50146680237083,66.5798559141072,46.9603023107661,,47.2,99.9,7.1958,24.9186772835219,78.9810304536111,2.955,8.90000000898042
TN,Tunisia,2010,2010,-2,6,12,3906.90625867605,100.151009836799,13.049,6.846146170059,29.5235517709565,66.6280059814453,3.33897963601069,26.0078083562899,99.5,36.8,55.8976948687167,21.7144769985818,2.075,2.88814231758981,3784.7412903401,100.106379304237,18.334,7.57684450427472,30.54812597421,66.9191886197857,3.24002842009531,23.1108457618913,99.5,39.1,56.8340831798214,17.0399767075244,2.189,0.899077534980039,3900.04620132702,101.550723929668,17.63,8.30025725587419,30.1215368230456,67.2098922729492,4.6118443220664,23.8562334816964,99.5,41.4416,57.0947002042078,16.3719210829376,2.277,3.28518933963283
TO,Tonga,2010,2010,2,1,6,3653.97801722796,70.7976681214649,1.513,16.4379858757354,18.0424982701103,23.4243619099178,3.53491239189833,28.6607072079984,92.8,16.0,53.59398087421,-12.8960959813572,3.879,1.27041874988286,3892.76791192676,78.8578648859134,1.602,17.0659562210843,19.0875708794809,23.46075468367,6.2707530299569,27.9219321736928,92.2,25.0,51.759830275415,-6.54028000022669,3.829,1.8451444721178,3932.59350453286,77.9722872799652,1.643,16.6359974823467,18.8662320133186,23.4589062635692,1.14753853706055,34.9883672497694,92.8,30.0,51.8379094160783,-5.5157069052877,3.768,-0.178618753397925
TR,Turkiye,2010,2010,2,-1,11,8472.57809050119,46.9433366709891,11.879,8.90737962747164,24.5086143505767,69.3471253941487,8.56644420552976,24.87828284324,100.0,39.82,54.658291110913,24.6886326709009,2.08,1.16274364749147,9265.85910238578,53.651583897618,9.789,8.1265846445357,26.8475365830986,71.0028723528334,6.471879671151,27.9887488412804,100.0,43.0657,53.1764169502883,25.2874172179057,2.05,1.91686136260632,9588.32066531438,53.3277612968607,9.21,7.658344974583,26.6835564000517,73.7788680234324,8.89156996512163,27.3995231020684,100.0,45.13,54.0902575185714,26.0254131443091,2.11,1.55241965245755
TT,Trinidad and Tobago,2010,2010,0,-4,11,17938.0949459463,,4.033,0.52014610527508,53.8139564515672,54.0899565963587,10.5492003179988,23.1421157657785,100.0,48.5,45.5105190135062,,1.614,2.47947454143897,17746.509252615,,3.425,0.456542570355529,57.0510122828478,53.9253615474727,5.1071328926456,21.8928313859828,97.5,55.2,42.9861638522819,,1.611,0.161394418487235,18835.6674122954,,3.718,0.623861527345923,46.824089797969,53.9254053431618,9.26028137068292,20.8107387973003,100.0,57.5,48.8095089697225,,1.609,-7.01485652796411
TZ,Tanzania,2010,2010,6,2,1,801.29931640625,47.6404394295683,3.029,25.582406886144,23.5561736572068,28.1968953939105,6.20015595647403,30.7705684106003,14.8,2.9,43.3162282485783,23.5918623508401,5.225,5.66396796617806,838.999267578125,56.1661241821809,3.47,24.9768644460885,26.3820840879185,28.865726405543,12.6909694699162,35.0995294827868,14.2,3.2,41.4050375845078,21.838473776542,5.141,3.54720849735785,851.910705566406,54.3689490815138,3.222,26.5509265207861,25.3994987211663,29.4878764597911,16.0010938506338,32.9644448669364,15.3,3.95,40.6114766481977,21.6270042473816,5.137,4.53878496380622
UA,Ukraine,2010,2010,1,0,15,2285.93383789063,95.72973045329,8.1,7.40220509822994,25.6492814021248,68.637397133357,9.37293105078978,18.016214744977,100.0,23.3,55.4893203103736,15.5557142028494,1.436,4.56840018285092,2418.12084960938,104.805073904259,7.851,8.15022183877887,24.8391242667758,68.7234299826222,7.95572466274652,18.3513220642495,100.0,28.7083,53.5003535486051,14.4512436461312,1.464,4.256089748054,2426.92944335938,102.622788356626,7.529,7.76131248389414,24.2660524050508,68.8241983107739,0.568727971803862,19.4035210842878,99.9,35.27,54.4753052575019,11.757553992335,1.528,4.47720109403357
UG,Uganda,2010,2010,5,5,4,768.624091660131,38.2692490371291,3.619,32.8680090776536,27.5918336188994,18.7990645544572,3.97655288478168,26.6490161355142,12.1,4.3,44.7858823687755,15.2433352241982,6.019,2.03900471067451,816.516366587228,39.7552255606122,3.528,28.9692474777902,27.5582956754514,20.0561028736631,16.5643496174515,26.381152491705,14.6,4.6,45.776796908869,12.8420500622854,5.885,3.2086060344385,823.580468285493,43.5021371397314,3.551,27.177257747558,27.1786073378959,21.372369321253,12.6790377224659,25.7805974372942,20.5,4.8,44.4441204774638,14.752748193397,5.729,4.41438584859015
US,United States,2010,2010,-4,2,14,52555.7695134023,28.2198952346731,9.633,1.02943733820679,19.3102572393851,80.6997744673366,1.6400434423899,18.3139445259228,100.0,71.69,76.2772193576192,15.1349978430449,1.931,1.75453268550496,52956.6630340962,30.8424862411943,8.949,1.20055910284662,19.407502343174,80.6957554256024,3.156841568622,18.7369868048565,100.0,69.7295,75.9014962160953,15.3179600577581,1.8945,1.68911277121237,53738.1476714593,30.6818353657295,8.069,1.14932964297306,19.1626113169507,80.6837493386238,2.06933726526067,19.5126025510627,100.0,74.7,76.1638003426071,16.5569941422251,1.8805,1.54020811932936
UY,Uruguay,2010,2010,-2,4,13,14722.3780081191,51.6990372012256,7.158,7.20206450749149,24.5288557176886,94.3333219475319,6.69870886978132,19.0701045232462,99.3,46.4,58.2442690748379,20.394557368591,2.011,5.22300143125049,15443.9961926395,53.2470340109018,6.307,8.82916199856249,22.7051202439987,94.6036824756941,8.0928320630299,19.1185676352051,99.2,51.4047,58.2909901542234,20.479575854256,1.987,5.34359480768242,15949.3176985435,55.0611541633768,6.451,8.12177248512393,22.8622289256151,94.7606597546186,8.09776580573602,22.153383549043,99.6,54.4538,59.3390519472429,19.6934844241013,2.012,11.7901578728278
UZ,Uzbekistan,2010,2010,4,2,1,2144.6400056546,49.2689977994484,5.36,26.9220273127255,21.2295148101409,51.3321647644043,,22.5907016952306,99.6,15.9,39.8595567411616,25.9768852032754,2.442,3.34115466012917,2271.00936223002,49.6542884929351,4.96,29.698578103928,19.7779804592697,51.3395500183105,13.7797446476602,20.7843666958629,99.7,18.6,39.260037092941,26.7988863304589,2.354,2.68375111593279,2395.84036755728,44.2393191333204,4.87,28.9635566978791,20.427938155189,51.3359680175781,13.2088026688373,20.894843279837,99.7,23.6,39.3875670838463,25.2242935371022,2.337,1.10230120247607
VC,St. Vincent and the Grenadines,2010,2010,-3,6,12,6678.04200697308,,19.966,6.26506875121356,15.903054750972,46.0626395961215,0.747109026311474,,92.7,33.7,63.9503317200879,,2.144,13.3089028738841,6674.58198966102,,20.049,6.33056361856909,15.1351236077184,46.18402928344,3.1860311155246,,94.1,36.7,65.1843906930195,,2.076,11.8576076339128,6790.68325958275,,19.867,6.15236356773518,14.5760767657253,46.3063114823836,2.59844414147101,,95.4,40.0,65.9360769280722,,2.113,18.1986473300916
VE,"Venezuela, RB",2010,2010,3,-3,10,4332.02681796507,46.1368935240203,7.112,5.37526516550554,48.4086022795909,88.8026372923982,28.1874647092039,18.6820335726765,99.1,37.37,39.031863218742,32.8955784268694,2.396,0.402601927997842,4455.41063337951,49.6381215967995,6.902,5.01293006431094,48.6321324133785,88.8079278904659,26.0902123160959,17.7307124255529,98.8,40.22,38.6366452446061,33.3203047008637,2.398,1.85002511047875,4647.37303726595,50.6485838828706,6.601,,,88.8401868543141,21.0689956331876,18.1886729488896,99.3,49.0501,,32.1698520997645,2.379,1.33819275777321
VN,Viet Nam,2010,2010,4,1,1,2027.58184375924,113.977687539714,1.114,15.3750906872381,33.0228771360005,30.2504027258526,9.20746648778413,35.1596865348136,97.4,30.65,40.6273720032231,31.1821049032124,1.906,5.4347392933443,2132.90453762087,125.260577940829,0.999,16.2591484896283,34.580408780539,30.6996041680996,18.6777322770707,30.5694066495721,99.0,35.07,38.9070145300747,33.5345841342658,1.927,4.30487434902161,2224.11404253256,123.224116745985,1.027,16.199507640393,35.8602323946766,31.1222779403029,9.09470339557192,28.6527327899415,97.9,36.8,39.1188401087315,33.8511652947281,1.967,4.27832287681174
VU,Vanuatu,2010,2010,2,2,6,2856.77377649901,103.823312203828,4.685,19.5427410917595,12.8730998830697,24.742504119873,2.76269469477348,35.3637146901348,44.1,8.0,61.7284140562496,17.6780109545203,4.126,9.40930036151551,2883.22689591881,96.9987664175314,4.821,20.8591539075539,9.99492054277629,24.7861634049013,0.8737931047811,26.9109643712358,42.0,9.2,63.3887236049634,19.6952325665772,4.093,7.93578473613464,2849.05448321427,104.451629665983,4.951,21.6186956898294,7.87407257715292,24.8183551383933,1.34740362877658,23.3450734720979,43.9,10.598,63.9322728716187,18.3146164727619,4.059,8.07506480226511
WS,Samoa,2010,2010,2,2,6,4081.15535978003,78.5698016774915,5.621,10.1420948693988,14.7777818454724,19.8302101862085,0.777007268777692,13.2698861799845,96.4,7.0,68.0848831828917,10.778180608265,4.52,0.0494567694984385,4201.45663738908,81.600955014363,5.68,8.74914768052862,15.766152527034,19.6174273708146,5.23541591478434,36.5956948810845,96.7,11.0,70.5098110253002,12.5753465048414,4.56,2.0416002953816,4007.91092846814,82.7339794775292,8.752,8.99062542491428,16.3070738394005,19.478718368689,2.0490188352116,39.3388315566307,96.8,12.9225,68.8172629289593,10.6212732260006,4.545,2.69957638721685
YE,"Yemen, Rep.",2010,2010,1,6,5,2356.19960422096,64.3856367797178,12.779,9.87370902755356,52.9607477523107,30.6232848305331,11.1748338605044,11.6610683680339,60.8,12.35,33.1655432216092,7.26558671433466,4.81,0.610357927076417,1994.83663337222,63.0594579549043,13.311,9.75264427533183,53.1065650909838,30.9237389467026,19.5435617131144,5.50051218577221,62.0,14.905,33.1407906336272,3.12190257117016,4.63,-1.58233916831705,1981.45800046603,61.3616371825683,13.473,16.9903322750241,39.7484554361741,31.2031839858628,9.88538714484871,8.70429265290944,52.4,17.4465,39.2612122878001,-2.92991059786828,4.633,-0.0402221829314871
ZA,South Africa,2010,2010,-3,7,12,5953.94506512821,50.4060871625999,24.683,2.10778749314158,25.3034630993363,62.6299120560569,4.06749555950263,17.5616357245929,82.8,24.0,64.2752626096743,19.6364469267725,2.445,0.884904611686012,6067.12482726885,54.6363504358971,24.639,2.04389308620297,24.8394911507999,62.850627754452,5.0008533879502,17.8093691839418,83.6,33.97,64.3421981264186,18.8720806529422,2.436,0.903381424332556,6121.55783860713,55.5826171933345,24.727,1.97670959546361,24.4686002355753,62.9616560303263,5.73797139141739,17.934933446749,85.2,41.0,64.3045111542673,16.8779276739849,2.447,1.06492249485696
ZM,Zambia,2010,2010,7,1,1,1183.41712409199,65.0147025206122,13.19,9.42094610981773,32.2389147610701,39.9558857709992,8.50176133365265,25.8912216136989,22.0,3.0,52.8064557009767,38.7439808029622,5.359,8.53319643791576,1208.46424569634,72.7954324384283,10.545,9.64805782176724,34.4442819243584,40.3684491825881,6.4293968107234,27.974700660769,28.3,3.5,50.3856175027169,39.3569403591491,5.256,4.72516156867912,1258.78938578996,75.367709855907,7.85,9.32163953570601,32.0106503918136,40.7698556821596,6.57589970757698,23.8778545961034,29.2,4.1,53.193632268128,40.8901761261815,5.136,6.78938124085044
ZW,Zimbabwe,2010,2010,2,6,5,1056.20884563889,83.1234047851259,5.447,9.60967815567222,20.6947355315308,32.7284525810054,3.02267002518892,17.0114751717126,38.9,6.4,57.8323753397937,-5.07978668216057,4.04,1.01750672670554,1184.93421020563,89.4659437238642,5.368,8.66645403643065,21.7201786093983,32.7567295776968,3.4661297281749,14.6342759940464,36.9,8.4,57.8956694308597,-2.46651073782692,4.126,2.44028634205117,1360.15230034275,74.1627003825153,5.061,8.04450024819692,25.3306858994948,32.7931752128328,3.72532666110646,12.148509358484,44.0,12.0,55.0851169445499,-13.9793266563495,4.134,2.04309866557655
