country_code,country_name,snapshot_year,decade,bmu_x,bmu_y,cluster,GDP_per_capita_constant_2015_US_t-2,Trade_percent_of_GDP_t-2,Unemployment_total_percent_of_labor_force_t-2,Agriculture_value_added_percent_of_GDP_t-2,Industry_value_added_percent_of_GDP_t-2,Urban_population_percent_t-2,Inflation_consumer_prices_annual_percent_t-2,Gross_fixed_capital_formation_percent_of_GDP_t-2,Access_to_electricity_percent_of_population_t-2,Internet_users_percent_of_population_t-2,Services_value_added_percent_of_GDP_t-2,Gross_domestic_savings_percent_of_GDP_t-2,Fertility_rate_total_t-2,FDI_net_inflows_percent_of_GDP_t-2,GDP_per_capita_constant_2015_US_t-1,Trade_percent_of_GDP_t-1,Unemployment_total_percent_of_labor_force_t-1,Agriculture_value_added_percent_of_GDP_t-1,Industry_value_added_percent_of_GDP_t-1,Urban_population_percent_t-1,Inflation_consumer_prices_annual_percent_t-1,Gross_fixed_capital_formation_percent_of_GDP_t-1,Access_to_electricity_percent_of_population_t-1,Internet_users_percent_of_population_t-1,Services_value_added_percent_of_GDP_t-1,Gross_domestic_savings_percent_of_GDP_t-1,Fertility_rate_total_t-1,FDI_net_inflows_percent_of_GDP_t-1,GDP_per_capita_constant_2015_US_t0,Trade_percent_of_GDP_t0,Unemployment_total_percent_of_labor_force_t0,Agriculture_value_added_percent_of_GDP_t0,Industry_value_added_percent_of_GDP_t0,Urban_population_percent_t0,Inflation_consumer_prices_annual_percent_t0,Gross_fixed_capital_formation_percent_of_GDP_t0,Access_to_electricity_percent_of_population_t0,Internet_users_percent_of_population_t0,Services_value_added_percent_of_GDP_t0,Gross_domestic_savings_percent_of_GDP_t0,Fertility_rate_total_t0,FDI_net_inflows_percent_of_GDP_t0
AE,United Arab Emirates,2004,2000,-4,0,4,55611.419401142,116.622612523831,2.965,1.66536190905993,51.6783480847693,81.4729199268812,,18.6841157151146,100.0,30.1313,46.6562900061707,30.4915083857539,2.385,6.76715211324682,55363.5661047143,119.552871642254,3.12,1.39540987408529,55.6434763024807,82.2122832763517,,18.3791279785529,100.0,40.0,42.9608649080015,35.7846182754777,2.232,6.03481604123485,56629.9761392644,119.470669577786,2.963,1.09424400194674,57.903111718071,82.5588968646829,,17.5782112065002,100.0,52.0,41.0026442799823,37.0554183957054,1.958,5.76543753223521
AL,Albania,2004,2000,5,5,14,2567.29763687121,65.0379383187697,16.306,18.5630799913995,27.7299752177294,44.9784925669394,2.28001916938101,38.171113638681,99.4,2.42039,39.5598988272926,14.3975133717522,1.889,4.60782278585291,2712.86983830331,69.1162926602322,15.966,17.1247178955729,28.1372131604488,45.9937666920583,2.36658195679795,38.4528885210446,99.4,6.04389,40.3981318981217,14.1536602644122,1.787,3.17899814544722,2894.36032580174,72.2019089483674,15.626,16.0415750334868,28.4284255205783,47.0701050949378,2.37072831904282,38.3733064639202,99.4,9.60999,40.1991972841068,14.1542313886824,1.686,3.55321913781567
AM,Armenia,2004,2000,5,5,14,1955.22262459229,73.0706339919371,10.617,,,64.5972633621116,6.96126135875795,28.1078274042853,99.1,4.89901,,3.8801686882654,1.4,6.90990201303095,2240.09273209788,70.1397385835334,10.54,,,64.5334210637509,0.638928002410097,35.0941906901967,99.8,5.25298,,10.8658734398246,1.3,5.96010687349519,2551.43546358452,61.0301379818566,10.465,,,64.4758978663344,2.89235662459004,41.8506802488286,99.1,5.63179,,14.7249605431058,1.3,7.30731450469503
AO,Angola,2004,2000,3,-5,7,2583.32411461288,90.3860384733605,16.378,10.3635914449926,50.2978770697738,55.0445280863936,43.5421067519687,31.1805304545116,28.4,0.464815,39.7136676214341,44.4056496303315,6.499,8.13849032848245,2843.3966357968,95.3414592884703,16.36,8.56536731681355,56.1242984191149,56.0,22.953513851394,28.9849966736527,29.4,1.14337,35.4993259457285,50.119067982985,6.461,-3.14962046173322,3065.05576243895,84.6246041171541,16.206,8.44100897843275,54.2214232962716,56.8939032662772,13.3052101780032,22.8887255074739,30.5,1.5,37.1439693103216,53.2105945803715,6.419,-0.0643009490167298
AR,Argentina,2004,2000,2,5,5,10302.4465316428,40.692646108947,13.522,8.36248661002826,28.816922006834,89.9397208794212,,15.8937872782322,96.5,16.0367,47.8369882937827,24.5538630826976,2.43,2.5050175164097,11099.7509190602,40.5512709706238,11.506,7.93875427420938,28.6263140439084,90.1233737736072,,17.3511468951153,96.7,17.7206,48.4861459282405,24.8287466175764,2.426,2.64935441452167,11870.2791559298,40.4334798719151,10.078,6.93557229126392,29.2032796652469,90.3033726521064,,18.3311867225446,97.0,20.9272,48.7491333682456,24.3003965721413,2.4,2.38106854489628
AT,Austria,2004,2000,-4,1,3,40333.3307183894,91.4742201880009,5.969,1.4931762753994,27.6147888470095,66.9558612872944,2.06120618032862,23.7682466626674,100.0,54.28,59.9626359213759,27.291707272061,1.42,1.0640170021225,40989.0131778975,94.6747547827805,5.682,1.28239498294254,27.4182050564472,66.9797950654143,2.29913785639285,23.2345864227667,100.0,58.0,60.1404134231844,26.9954322628597,1.41,25.8307026071969,42120.1557002022,98.7857253161241,5.32,1.32751796800624,27.5909068762418,67.0006968062814,1.4415485111902,22.8306808001519,100.0,63.6,60.2518374028565,27.6947519514933,1.41,3.14473468828872
AU,Australia,2004,2000,-2,3,3,50018.5904483861,36.9505159618289,5.399,3.05821916621123,23.8819093880673,85.518767609412,2.34325522482583,26.5880659201753,100.0,,64.3168864121386,24.3401569781079,1.768,6.96956991636737,50972.640519744,39.0978822564811,5.036,2.88921493532413,24.5233189129708,85.6190871221958,2.69183168316832,26.9676243082002,100.0,63.0,64.4367967376177,24.7052096706332,1.807,-3.60113772652235,51682.8925230537,41.4878923489153,4.785,2.74011319183189,25.4872372064967,85.7492544263523,3.55528773727026,27.7412866557676,100.0,66.0,63.8069766675422,25.6083786323702,1.908,4.07506463386939
AW,Aruba,2004,2000,0,6,6,29959.7748189582,132.430929795173,,0.0175662581169615,15.5965082540353,65.0886533661558,2.52912946932762,,100.0,23.0,76.456580991723,25.3515791174107,1.819,-4.68763897846137,29081.7066997897,145.050280144237,,0.0173277773977134,16.2974611255338,64.9580226442175,3.39778677828806,,100.0,25.4,75.541061032835,24.2607584311355,1.844,-8.8049356352136,28885.9118700469,141.042626734626,,0.0175077037289373,17.6558632372378,64.811270283981,3.60802438784541,,100.0,28.0,73.7471756386862,22.6648082261778,1.862,8.92046662114826
AZ,Azerbaijan,2004,2000,2,-4,12,2111.4533834475,121.507115894117,7.99,10.9880190382406,50.7690323790767,52.2831993103027,6.70893042797784,57.7102529835174,99.0,,31.7987854915477,31.2876603127711,2.0535,54.3650509070362,2674.3688564996,115.841884607706,7.26,9.14753443801158,58.7877819924137,52.5028533935547,9.67950731917057,41.3088440806548,99.1,8.03038,25.0852465561988,47.4569774406069,2.0,33.7957978256418,3556.83212858133,105.262399846369,6.62,7.09103711685568,64.9582315349244,52.6540145874023,8.3289248286321,29.7009527264192,99.5,11.9922,23.5098313258154,54.3571497156757,1.97,21.380140470442
BA,Bosnia and Herzegovina,2004,2000,5,8,14,3063.83543448936,81.8126861817184,29.276,8.58349407590767,20.2334932914418,43.8380473519042,,26.9177642885767,99.1,15.469,55.6072712671036,-19.4193133742302,1.221,8.75886067110945,3217.81341615345,84.3554628217984,30.227,8.29736825390212,21.4328425323645,44.1570799336802,,29.3781353895492,99.1,21.3267,54.6379129823724,-16.886609093796,1.203,5.55844401745043,3419.75887457192,79.8299477752016,31.11,8.05428927250657,21.0300824020691,44.4752743285185,6.12556615620285,23.2664148364209,99.4,25.1224,52.5945352093452,-11.1858347351398,1.18,6.57577358932059
BB,Barbados,2004,2000,-1,8,6,21516.1662922098,,9.57,1.64319930323704,15.0878211641748,61.101971231796,1.39442231075691,,99.9,49.8,72.8538249383074,,1.797,6.62895921033532,22250.0263806215,,9.08,1.58659510407121,14.9456735174761,60.6389887108416,6.08218729535043,,99.9,52.5,71.9348082209713,,1.738,10.2123680027307,23487.4418767503,,8.73,1.45016267901105,16.2232839435553,60.1960940466703,7.30766262828939,,100.0,55.3,72.5253202066505,,1.702,8.11575176366603
BD,Bangladesh,2004,2000,4,0,13,702.656357081873,26.8582341492431,4.314,19.2669595662859,22.7797200060528,25.0094809886101,7.5875363850469,24.9918339447004,40.6,0.199036,52.8058618188649,21.1879131945713,2.94,0.689472335587339,739.203718353409,34.396934864465,4.25,18.5710395455964,23.2998442190711,25.4769540701509,7.04661816222039,25.8304355145863,44.2,0.241637,52.8799568974096,21.0557137508456,2.846,1.17065167448603,779.419570444998,38.1119244325921,3.591,18.0340165108542,24.0953205119221,25.9479149992596,6.76526117054757,26.1441457474299,50.5,1.0,52.7445971888149,21.4366132360074,2.755,0.635863899506714
BE,Belgium,2004,2000,-2,5,6,37976.6972967442,136.918405348432,7.363,1.02291054131515,22.9599989488568,83.2655230829461,2.09728311239314,21.4618504095247,100.0,53.86,65.24479338804,27.5612097175491,1.72,12.0521106747569,38645.2605193362,144.529050669983,8.44,0.840639973990251,22.5737781481988,83.5645449743707,2.78143263670022,22.1538935922611,100.0,55.82,65.8743326615868,27.7176703728838,1.76,8.72717720186463,39371.0858277448,149.567509299511,8.246,0.907269380581052,22.139925542401,83.8578905877926,1.7912077007046,22.3254390645591,100.0,61.9819,66.148949028376,28.0130339241861,1.8,14.4078713936675
BF,Burkina Faso,2004,2000,7,0,9,474.086412333459,35.4809436017462,3.473,23.3814384513092,22.6591757180332,21.3392180754924,-0.400228702115452,15.634922833423,10.7,0.400295,46.4776363991653,1.80033481084237,6.216,0.263190384062024,499.192797571217,34.1721697681049,4.0,26.7709190270281,20.1658324331189,22.0179778440204,6.41504018369684,15.4378655956574,11.1,0.469914,44.5494891325644,3.07511872183235,6.182,0.848145874654018,514.113131757062,35.1065423554549,3.669,25.2289761645165,20.5038527918156,22.5528306908743,2.3331085637222,15.8951941535138,11.6,0.632708,47.138528226651,2.93219028202067,6.17,1.28064578676022
BG,Bulgaria,2004,2000,3,6,14,4849.87141310477,93.063897964183,12.037,8.45218537659142,23.1334052420728,69.9193344116211,6.14713074246273,20.9507166728271,90.1,18.13,54.0545337686821,12.2827346915802,1.33,11.7462386509689,5231.33811895255,99.7142112127381,10.083,7.28368572889434,24.2323985840088,70.0869598388672,5.03883807111902,25.6651645226304,90.6,19.97,53.5290714639992,13.0845919496763,1.37,13.7204790059911,5629.80127993005,111.04746275381,8.951,6.09628492053004,25.370402523961,70.5075225830078,7.26159462769944,27.4377450593783,91.2,27.09,52.9401118883602,14.9646298205753,1.44,22.9038783511231
BH,Bahrain,2004,2000,-1,6,6,23688.1121059225,140.737310039923,1.065,,,89.8569005979296,2.35294117647062,22.5138842259822,100.0,21.4587,,36.9929173256534,2.774,6.58021002500264,23439.6704353038,148.313525108923,1.021,,,91.168165501421,2.58620689655173,25.6865148628303,100.0,21.3037,,46.2098450428364,2.67,6.56659445840223,23095.0181330228,147.104181068989,1.021,0.268763501054214,45.2834880040933,92.7186075361661,2.00746965452849,29.4994531309511,100.0,28.244,53.4635279305642,52.561517378363,2.464,15.7508650085886
BI,Burundi,2004,2000,7,-1,9,258.050009115333,,3.177,41.9026049689034,16.3230191571129,8.9185547789176,8.17642937482053,,3.7,0.34906,33.9799370317603,-7.32352447772151,6.746,0.0048828571441574,250.878933475935,,3.153,40.8481233922949,16.9330035986109,9.1806167624459,13.2520699188224,,3.2,0.542143,37.1551607125713,-4.49639311264943,6.708,0.0523404213217611,255.105582251925,,3.185,40.6376822658218,15.3152912436064,9.4646291775586,2.74542000214241,,2.7,0.657593,38.410794717154,-9.28702954424002,6.659,0.0024811054278952
BJ,Benin,2004,2000,6,1,9,907.624431209378,39.9029743365096,0.79,26.5208492800284,20.4994246078487,39.8525699078742,0.8738908308685,16.0866608482814,25.2,1.18254,36.8973075406702,12.3427216840029,5.718,-0.658688596039682,893.91536869992,39.0959311879142,0.86,26.6894285026991,21.6135923867357,40.3097749006517,5.36452085832342,15.0410868587762,26.1,1.27103,38.0187915766517,9.95739440709404,5.692,-0.133820369489742,900.62053578735,39.7746987128551,0.889,26.631803428758,21.1570137776206,40.7877794072449,3.78217696540375,14.1614409546098,27.9,1.53785,39.2378743115272,9.21462072765865,5.673,-0.175764667500161
BN,Brunei Darussalam,2004,2000,-3,-3,11,37948.6590825194,84.8821666638192,5.786,1.17049480864283,70.1910452305488,73.0675067339261,0.814223994682613,19.5378575210295,100.0,29.7156,30.528204400637,60.8752348828857,2.104,1.31341824941979,37312.2778797122,81.6201140155232,5.931,0.974611267785546,73.153005169136,73.552870858133,1.24443711883965,16.1042363710426,100.0,36.4664,27.7621281199365,67.502349964617,2.024,1.65985733716788,38229.3565684183,81.5709547429689,5.997,0.754742504053329,74.9262615378504,74.0148299904911,0.159888078345121,15.1973603615226,100.0,42.1863,26.2087407606151,69.415230259931,1.969,0.694676100917879
BO,Bolivia,2004,2000,4,3,13,2099.990810637,57.4642660901316,2.622,13.3223836388477,26.8396494762825,63.7564671612252,4.43738080101725,11.6871210206907,75.9,4.43992,49.2849694922866,15.8342180959689,3.633,0.745772608696722,2156.18670325307,67.6419413613743,2.603,11.7927215329112,26.2692194219914,64.2133062205259,5.39323106890663,12.990846906531,68.3,5.22758,46.8201969433938,17.7079662634327,3.558,-2.49886824544741,2221.42722587103,74.537848431547,2.577,10.9375480546288,27.652247464959,64.6631431424362,4.28239604802561,14.296679671822,76.2,6.20067,43.1317849879713,22.8709112097869,3.533,2.45168756123775
BR,Brazil,2004,2000,2,4,5,7258.78101654079,29.6782524803495,10.072,5.66531157678895,24.3066232905778,82.6816824814559,6.59718509985963,17.3202333227377,96.8,19.0737,54.9204711079064,21.3258388893847,1.973,2.71353208011572,7409.56827992249,27.0867952052479,10.551,4.65116882266178,24.1725782850314,82.9838799596945,6.86953720898964,17.0561834601584,97.1,21.0227,56.0758916063079,20.6057467732434,1.942,1.73389357182998,7622.03919432148,26.0416998879446,9.692,4.37004377895807,23.5440216718081,83.2672101364439,4.18356812896909,17.2102995751944,97.6,28.1784,57.1381272137718,20.5234065965969,1.896,1.753125434984
BS,"Bahamas, The",2004,2000,0,5,5,32444.0739567569,76.0019833710461,10.2,1.16175185996252,10.3431253996283,81.6708410883427,0.981914036757662,22.0158603424076,100.0,22.0,82.3264633159181,31.49197872183,1.98,3.02143829739302,33144.7878790275,81.3962709176308,10.2,1.06443545271548,10.8090522762856,81.8605578035102,1.59160618079802,26.1442426953498,100.0,25.0,82.1953599967467,30.8188121429007,2.008,5.72797116772737,33541.850748701,87.5507143032777,7.54,1.17042464776611,11.7337529813863,82.0396098391364,2.38982627439254,32.3440458334358,100.0,26.0,78.9505520175072,28.2293638889572,2.019,6.94760136713467
BT,Bhutan,2004,2000,2,-4,12,1552.73915195801,89.0605518004294,2.49,19.3785149554207,34.5745128686706,30.2914018195132,4.10593698272958,68.9344332604568,51.9,3.15698,40.8895511836735,37.9775091107462,2.781,1.20485866433723,1632.02169500573,97.7434135429344,3.1,18.0339346830792,34.0427943524964,30.9379917831613,5.3126310463775,61.7106097285108,59.8,3.84711,42.9950210131867,36.2837445516224,2.726,0.721867150911614,1701.11878173586,108.157794891125,3.13,17.3412992346729,35.6000595350092,31.5664945864425,5.00045438022541,48.2746970719131,59.7,4.51832,42.6160321828383,43.2805953984078,2.66,0.649361841531609
BW,Botswana,2004,2000,3,-6,7,5369.42516766112,90.9978228872631,21.758,2.25958534959102,38.8219550208892,57.2582489329358,6.94570363654675,27.8417735642036,35.3,3.30489,47.9542918751357,39.6813800402917,3.063,4.36383657370126,5514.21742664705,88.5053520573505,19.847,1.82838052405033,42.8549522076655,58.4535554684584,8.6102252854644,25.3398125302155,37.5,3.26255,45.2838110727775,42.4925145913255,3.082,4.24294905100869,5865.00026521361,86.612433913524,17.782,1.73893509424301,46.6243434434334,59.6421228144112,11.5552187914379,20.2615313733541,39.7,4.28993,47.8447641984648,38.961506414884,3.114,4.90881469396689
BY,Belarus,2004,2000,1,-2,12,3520.40452642524,142.136510387704,9.452,8.85025144123636,35.0189431066695,71.7658538818359,18.1082424937646,25.3173520457355,91.0,,41.8164578990954,25.6704099472313,1.233,0.707817258030317,3877.71738911289,118.88435169233,8.728,8.51859080856531,37.8387848851416,72.0310134887695,10.3388794457932,26.5166266823018,91.5,,39.6283221474447,27.2268166246844,1.252,1.01489264466989,4291.68647163264,124.295103889386,8.024,8.57872759155765,37.2070344531772,72.6113815307617,6.99712903535585,29.6607667755813,92.1,16.2,40.8328812746793,29.3171180945412,1.335,0.966130137383779
BZ,Belize,2004,2000,2,1,13,6383.07432412662,86.3853536846826,10.584,10.3458143896381,17.5296122470878,47.0226655922949,6.39443099742399,15.7738883389682,82.6,9.8,61.4908384647358,18.7286584364256,3.252,7.9628629551609,6337.12389222378,92.9971266332515,10.91,9.74017200317114,17.1067830923414,46.7271194028137,-1.1043104441191,16.5447137431608,83.5,17.0,62.4890490283378,21.0395025864506,3.173,8.6080583090955,6435.58767337678,98.8810743235728,9.39,9.51992221636579,19.0207043326734,46.4084814638913,-7.11376771265014,16.7562013856216,91.0,24.0,60.4547379942358,25.7611100817114,3.021,6.84256959940517
CA,Canada,2004,2000,-3,1,3,40108.7587456658,70.1924199909562,7.185,2.16781311109181,28.3911197223378,79.6923063348315,1.85725871857256,20.8745968478518,100.0,65.956,62.4043589843411,25.8641755332689,1.56,0.141465896048034,41006.2229523971,69.7591330167357,6.758,1.88031145780062,29.2129915241778,79.9760615882965,2.21355203439767,21.8374293828034,100.0,71.66,62.0334657453398,26.618049161035,1.58,2.17816380917593,41663.5123057295,68.0521644769988,6.484,1.70101845949482,28.8475544811015,80.219066099279,2.00202539534161,22.8852031372989,100.0,72.4,62.7231931063883,26.3322094330117,1.63,4.87410128955104
CD,"Congo, Dem. Rep.",2004,2000,7,1,9,341.714925751419,49.3364146254994,2.975,23.8793594908244,31.7824234941503,37.0,3.99438400815971,12.1421129521393,9.0,0.196208,40.173975662304,8.3795329496968,6.53,3.97216281770058,351.708486411683,51.0276749145565,2.948,19.8446510872333,31.706002446974,37.4018738621901,21.3168167229341,17.0380807060268,6.0,0.238038,44.6160533240911,12.4286777592308,6.526,1.42746926673699,358.454382275579,44.7667089929736,3.174,20.3859027537723,29.2943469787201,37.8024827128113,13.0526949745101,15.5353662052935,10.2,0.296054,44.9515505509654,13.1619374706421,6.547,1.65396062655392
CF,Central African Republic,2004,2000,7,1,9,433.825227770233,33.2439549188203,5.352,,,37.9626889392062,-2.06640601136303,6.81213802638146,7.0,0.223401,,1.56402638198293,5.784,1.1867705571186,427.968043155237,35.0709368656226,5.314,,,38.0448510426866,2.88352073359022,9.86481735599986,7.4,0.268196,,1.74234210735226,5.812,0.754917589946925,439.294330902768,36.3958702287378,5.235,,,38.134433681123,6.69526465773354,10.2342110190608,7.8,0.311159,,2.47029315986503,5.84,2.37163652036171
CG,"Congo, Rep.",2004,2000,3,-6,7,2058.88402946896,131.368198717322,19.886,5.50940630344491,65.864484078508,60.9205990186239,2.42976607961799,21.9054699242609,33.0,1.0775,28.6261096180471,49.4960384111084,4.69,1.90162065209621,2140.03686200251,119.552892262402,19.796,6.10423786651851,61.7104106958137,61.310286636126,3.09449011456182,23.4233311819487,33.8,1.46342,29.4011383610328,56.3952737225809,4.669,12.0498455846018,2226.0233547376,125.600762974491,19.587,4.81314641849445,62.6291888487541,61.6237792620651,6.53784395299604,25.3550774107525,34.9,2.00799,30.4641799648533,57.6109527245583,4.651,18.4459801245354
CH,Switzerland,2004,2000,-3,4,3,74718.6836260364,95.5170944588529,4.316,0.934999580301804,25.5515101091518,73.4761317507392,0.802908730955227,27.3118645096356,100.0,67.8,69.7032556554531,31.6313404093228,1.42,1.7583727359017,76282.9840696619,102.261172141836,4.437,0.818619332578622,25.8270742413749,73.4951000915434,1.17195420333703,27.2629980573135,100.0,70.1,69.6331213051923,32.6363949166275,1.42,0.637104289050499,78893.8078199046,106.245154784945,3.995,0.753298112550259,26.0027931872877,73.5115823179813,1.05950928324802,27.0602553682072,100.0,75.7,69.478997451051,34.8921497279918,1.44,12.1731323129404
CI,Cote d'Ivoire,2004,2000,6,2,9,1451.86547141894,58.1182963035946,5.883,16.640018984398,15.5260750475447,44.667357886658,1.45798835600741,13.4933313574459,52.4,0.849282,38.3730686607013,16.8825740639626,5.527,1.20362782194335,1431.73320203111,62.8209360402806,5.999,16.0651853584803,16.2241764456125,45.082298743724,3.88583039886482,13.7374737553324,58.9,1.03924,38.8167783655946,14.7791658534223,5.499,1.45218108383072,1437.77453798586,63.690377061452,6.009,15.9447949066292,16.5839543942617,45.5035131674326,2.46719148596915,14.2436392038274,60.2,1.5249,37.9448192296392,16.1723105245806,5.448,1.38823180058485
CL,Chile,2004,2000,-1,-1,12,9642.37478651228,69.8893600532458,10.162,3.75826582540335,32.7525021838824,86.7336754490112,1.05473871403517,21.3985792799726,97.5,28.1779,53.64534841734,30.7253662503792,1.844,5.01507138064187,10104.4208391373,72.0625342380294,9.34,3.92221193789503,34.0353024141328,86.7768244484887,3.05257621387849,23.3687952186214,97.7,31.1753,52.1481091980374,31.5563106530804,1.825,4.89870698303569,10611.6144012877,73.7116350448521,9.024,3.71204514365714,38.684729192628,86.8125123390851,3.39201733699405,21.0647060199714,99.4,34.4978,48.4126070132585,36.2060337422411,1.798,3.0910197191962
CM,Cameroon,2004,2000,6,2,9,1271.74326874167,41.8377424272557,5.091,17.5609527218813,27.6768854698155,48.1826845960942,0.233647380067584,18.8910238024988,47.1,0.976075,48.1104019430089,18.1252193058111,5.436,0.361118040793554,1264.74345218659,44.9976813478478,4.4,16.734176851979,27.9657412557505,48.5837852394685,2.01353950175986,18.5802837690659,47.2,1.40265,48.1626860371302,18.1641569395427,5.421,1.24860831295214,1277.32990712342,47.1044341803567,3.729,15.6250817945247,28.704565046287,49.2044173412861,5.11757816019469,17.8556782062501,49.0,2.02874,47.9296207330584,19.0296137859973,5.369,0.282739555044298
CN,China,2004,2000,1,-3,12,3127.86276523632,58.6403340408439,4.49,12.7288429360401,45.2328326582556,41.7600135803223,3.82463743108159,39.3505370582361,97.7,7.3,42.0383247680055,44.4762159924008,1.605,3.43299015092913,3465.81734409951,61.3600749408237,4.52,11.4828123533826,46.3816216984585,42.9899978637695,1.77641407667571,39.2703289759488,97.9,8.52326,42.1355659992365,45.2069560180614,1.624,4.49218509012467,3883.35412942474,63.5695798621627,4.43,10.4758623658001,46.8865028592172,44.3430099487305,1.6494309945586,38.5215726233992,98.2,10.5232,42.6376503739806,46.9662824425012,1.644,4.44499743873593
CO,Colombia,2004,2000,3,4,5,4311.91591255233,35.8634269337995,13.717,7.91098316231374,29.7258920854426,75.8080569479496,5.90402005546502,18.8317596064491,95.3,9.11869,54.1525594452856,17.1190725300719,2.384,2.66083488771203,4457.27537460443,37.422697494955,11.062,7.52726670177951,30.3481497700898,76.004938901378,5.05101962689696,20.9561543150332,96.8,11.0073,53.1705123121808,18.1756312914623,2.309,7.02979401438219,4694.03442939175,39.6413559606293,11.091,7.18676953071771,30.9134600266245,76.1619191918164,4.29342363628927,22.5775935262733,95.7,15.3417,52.510717917003,18.7547824446285,2.241,4.17238510059526
CR,Costa Rica,2004,2000,1,1,13,8445.52914945791,85.2564771965872,6.445,8.85240876800238,24.6690619237543,63.6596013546005,12.3148150178852,19.8781564478728,99.0,20.7923,57.2988154289491,18.0888003417453,2.028,5.8231265333186,8655.33965418585,89.2226638923224,6.749,8.62223694626727,24.2695341122995,64.8998632216384,13.7982949108987,19.9518024342991,99.1,22.07,57.7916436421547,16.6705265590345,2.038,7.62843539507747,9160.29437453236,89.8145546136931,5.926,8.42982819706634,23.7198679368366,66.1703051228767,11.4705968149052,20.293066801457,99.1,25.1,58.1777820197184,17.8991571165414,1.937,7.92850433097117
CU,Cuba,2004,2000,1,3,5,4670.18802138025,31.3114153338743,1.854,5.4744391801691,22.0396303955187,75.917681659226,,8.47446535612386,96.6,8.40798,71.4519802109782,9.53276025443028,1.546,,5182.35283601732,39.3613744331974,1.95,4.36365221842694,21.5268299936084,76.0033319545493,,8.96143581229082,96.8,9.73806,72.9508509202811,13.449503901456,1.486,,5799.41163668615,37.1880142882062,1.913,3.40501452330934,22.2047369498775,76.1121531072403,,10.401419719848,96.9,11.1596,73.2716124286159,11.9670641300803,1.402,
CV,Cabo Verde,2004,2000,1,6,5,2379.79636224135,101.567169989502,13.465,9.86346771915503,18.2180833159781,57.0677167011018,-1.8908217230618,,65.4,5.31883,71.9184489648669,,2.9,7.312720061603,2514.16779255327,104.343839857053,13.45,9.00118732269349,19.2110778495222,57.7977695763157,0.41889161285517,,67.0,6.07409,71.7877348277842,,2.726,8.2812271109681,2683.83943856892,117.816697232822,13.397,8.3187121345924,19.0922781266815,58.5332660925599,5.36907687065549,,68.8,6.80891,72.5890097387261,,2.555,11.8764317277784
CY,Cyprus,2004,2000,0,6,6,24799.6484375,113.903613489207,4.77,3.08333142687938,18.067453251524,68.5908141437316,2.28621706801675,20.6457343555968,100.0,33.83,66.8237969620049,21.7408857007366,1.512,6.459620091748,25631.3671875,111.917065271958,5.481,2.73852781486715,17.8911353003281,68.4340674211981,2.56016132330234,21.5266894687851,100.0,32.81,66.7369863544184,21.6765716699836,1.479,6.30362669067508,26395.50390625,109.806498040343,4.593,2.2759759957395,17.830157800694,68.2534151682801,2.30468732978555,25.0775609714329,100.0,35.83,66.9928855593874,21.3788718532564,1.509,9.32556556614527
CZ,Czechia,2004,2000,0,-1,12,14259.63342798,113.173975970415,8.298,2.40804306787699,33.4524157670713,73.6991647167017,2.76010781671157,28.5804641980298,100.0,35.5,54.7067356224235,30.4492520023305,1.23,5.34629831368761,15147.7214417611,121.191287316105,7.927,2.28125770679761,33.5317423512837,73.6375545423198,1.8570978910922,28.5248592592412,100.0,35.27,54.6370936474549,31.6120484367764,1.29,10.0027291342114,16107.3042502688,127.051015055016,7.141,2.16293341098596,34.2768164992188,73.578883191735,2.53399258343635,28.1510781666578,100.0,47.93,54.4482943427268,32.8026441171905,1.34,4.56488300562003
DE,Germany,2004,2000,-1,2,3,35687.6378708542,62.9064909465164,10.727,0.948871367267906,25.8386247078115,80.1549694901257,1.66573696655992,18.8314639081743,100.0,64.73,63.442809545407,23.9853207968461,1.36,-0.715503012520617,36024.0947047021,66.9531024934321,11.193,0.72605784900095,25.6870805044481,80.1745168510383,1.54691114751328,18.7644203275559,100.0,68.71,63.6742328149253,23.6887230136173,1.34,2.06799391408494,37459.261328042,72.7591934646234,10.277,0.716599757643703,26.2600466577088,80.1960996098884,1.57742642840563,19.4624059220668,100.0,72.16,63.0772242784954,25.077652935891,1.33,2.87049561649648
DK,Denmark,2004,2000,-3,2,3,50956.3045398814,82.0077308240144,5.204,1.5968233470381,22.1370994736383,85.7130276911593,1.15435693124932,20.6579399200817,100.0,80.93,62.0456817526564,27.281453008177,1.78,-3.49390841296768,52015.1841169021,89.3987952460671,4.83,1.13056388790591,22.1118631886264,86.0059706832865,1.81781458291254,21.1723797337583,100.0,82.74,61.7717624204858,27.5227379158406,1.8,4.8451921902896,53823.1590295482,97.4298607727841,3.897,1.14680871658905,22.6855310952049,86.2501288149818,1.92422138464594,23.2747647050451,100.0,86.65,61.1392957485577,28.2016199458588,1.85,0.841695783435792
DO,Dominican Republic,2004,2000,3,3,13,4212.01044121773,81.3514229381911,6.303,7.02047299255392,31.8129445090859,65.8914085229291,51.4608598338065,20.4393611293454,90.3,8.86555,55.1415803993543,21.5708789959971,2.641,4.18629057899448,4549.24957008857,61.6535587358027,6.587,7.21193528375622,30.2693576810614,67.5759180469321,4.19020260472056,22.6126199111617,90.1,11.4832,55.767972107314,19.781788713037,2.574,3.12598170087694,4904.71715839398,63.7664826351505,5.654,6.8587193196752,31.1098612659885,69.333853706035,7.57280523853074,25.8801400051994,90.1,14.8449,55.599825837468,19.6102214035497,2.508,4.0356569620282
DZ,Algeria,2004,2000,-1,-3,11,4066.28204806495,61.3579975707176,17.65,7.72217403415641,44.9814633218361,62.9023132048725,3.96180030257187,26.1014395272487,98.6,4.63448,41.318485873096,48.279368990489,2.5,0.962586875552012,4223.60252133943,66.8404602203906,15.27,6.5592713699842,48.5068360058496,63.6598541890144,1.38244656662118,24.8333849865266,98.6,5.84394,39.5234001714181,53.0771810895513,2.562,1.07990333031143,4279.61547120827,65.9152919677621,12.27,6.36600271426263,50.8913842012469,64.4154348614309,2.31149918514424,25.1669293883515,98.7,7.37598,38.3695971271538,55.9750963328377,2.628,1.49572335207526
EC,Ecuador,2004,2000,3,3,13,4430.23717984188,56.0745467239942,5.002,7.96891951563388,29.6637383769892,61.7829573274038,2.74323198926704,15.7699598183796,94.8,4.83444,55.5666641577838,18.3751491371759,2.853,2.37801066697343,4589.32849203452,61.9581507902572,3.779,7.72632554619423,32.1244730702211,62.0068704145716,2.1682770118372,16.2952744751966,95.8,5.99426,54.4341944825683,20.7606428872881,2.8,1.22499487397379,4706.98056823816,65.8423556166562,3.55,7.71967865189029,34.7933483797009,62.2099988435587,3.29874846258215,16.5773335099992,96.3,7.2,52.4424149459359,23.6791410920221,2.753,0.594056305145447
EE,Estonia,2004,2000,0,7,6,13348.5284463324,129.949500077661,10.248,3.61869925607531,25.4261030005361,67.467351453949,3.04811107523416,31.7144972621122,100.0,53.2,59.5766460840652,27.1960901544324,1.47,8.94665953048459,14703.6179707772,135.912792115107,8.033,3.28668552534137,26.2552926540896,67.5080523578799,4.07971423199849,32.8564369726627,100.0,61.45,59.0829427359463,28.7781560207174,1.52,21.6702241581922,16234.5152041417,136.620737662645,5.915,3.14382046697103,26.9431146026321,67.5557177507269,4.43762042389213,36.7942378998764,100.0,63.51,57.8749883116134,30.0226222321551,1.58,10.3265683442585
EG,"Egypt, Arab Rep.",2004,2000,5,4,13,2574.42341789124,57.8199052132701,10.32,14.2699361219864,34.6679167525242,42.9255593360476,11.270619332052,16.4022254275706,97.8,11.92,45.0910776839069,15.5779929940243,3.283,1.59083618380383,2635.70305227819,62.9526462395543,11.049,13.9816898792943,34.1486722376973,42.9569271409488,4.86939696871988,17.9201485608171,99.4,12.75,45.9292479108635,15.7103064066852,3.254,5.99551598885794,2761.62410769792,61.5185365063947,10.49,13.2372025254978,36.1547353084021,42.9729991680104,7.64452644526434,18.7307754573416,99.0,13.66,44.6899951432734,17.1118666019103,3.223,9.34856726566294
ES,Spain,2004,2000,-1,3,5,25825.3106463315,54.4795182656074,11.09,3.11780935959045,26.9674522329282,76.9549627547133,3.03924881090925,27.8253003573011,100.0,44.01,60.126223898593,24.5998239655652,1.31,2.39691740423512,26294.447384391,54.6991667043772,9.146,2.75836581828682,27.1317779343664,77.2206801920294,3.36881409750383,29.0284035934931,100.0,47.88,59.8643281809934,24.5860996722414,1.33,2.44941913037175,26899.0921497113,56.0839263823216,8.452,2.40075384884813,26.8985528012609,77.4968648783202,3.51557576832128,30.0454936237283,100.0,50.37,60.0821313145787,24.8673600165576,1.36,2.80982337619077
ET,Ethiopia,2004,2000,7,-2,9,267.923513391712,,2.767,38.6797549469264,12.6855403366012,15.7585906982422,3.32737047894847,,15.2,0.155335,40.0736578229212,,6.301,5.38041579859625,290.833381425059,,2.497,41.1744985607337,11.7888335264129,15.982967376709,9.96997123512892,,14.0,0.21966,39.1449503016171,,6.194,2.13780093729558,313.013896721503,,2.351,42.5241701226393,11.5923160493911,16.2148475646973,12.2994763114825,,18.6,0.310593,38.572635142107,,6.047,3.5682352741624
FI,Finland,2004,2000,-4,1,3,41521.962874476,70.967802899062,10.358,2.37997744754033,29.3761536087085,68.2766596767133,0.187120559084418,22.2601596310972,100.0,72.39,55.8179676328107,29.4391493061024,1.8,3.43216639798219,42529.3506920884,76.5889740444293,9.602,2.27855173502727,29.2555840307046,68.5140529517604,0.623874450025191,22.9209429997692,100.0,74.48,55.8548820035709,28.9549755262167,1.8,5.30500837470056,44069.3958834717,82.0005669294983,8.935,2.00160822857672,30.2474242310296,68.7588279849327,1.56666380704386,22.7685828498042,100.0,79.66,54.9435673749429,28.8671244525949,1.84,2.1374386449528
FJ,Fiji,2004,2000,3,1,13,4264.59723774177,,4.7,12.349896656794,19.7616287741578,49.4772922157817,2.82748519391201,,80.6,7.41294,52.8960175576911,,2.941,9.25370794256615,4255.45097421847,,3.886,12.0743313492063,16.4509285714286,49.8421361321385,2.36576453830435,,81.6,8.45364,57.3342242063492,,2.917,5.80296958864135,4295.40679748345,,3.958,12.3726571154966,16.1619035995268,50.2294752725468,2.49083638787078,,82.6,9.60004,56.805788910378,,2.905,18.9830079707872
FR,France,2004,2000,-1,3,5,34557.1471111581,53.7497648292028,8.914,1.72018557547967,19.6686920294036,77.4900500011961,2.14208964640241,20.8372793779546,100.0,39.15,68.3406837903041,22.6908114384482,1.92,1.68777447237363,34946.0372494703,55.8228361241299,8.882,1.58270403235962,19.3552308487449,77.4363315105438,1.74586936380482,21.2552645424979,100.0,42.87,68.7116075234513,22.4156304054652,1.94,3.8837306583925,35645.4162427116,57.8692775292673,8.832,1.42706409375236,19.0188918781413,77.3467240068648,1.67512449608723,21.8977868505057,100.0,46.87,68.9051445140813,22.6716080338856,2.0,3.40646118259264
GA,Gabon,2004,2000,-1,-4,11,7148.98713447497,81.7675371418698,17.095,5.46729104251047,51.5005373966573,82.7355438220611,0.40820530743925,21.4960127218042,79.2,2.97907,36.2849149195174,49.8455167647257,4.252,4.04069424179394,7130.22505771754,83.9495998399241,16.91,4.98463861102881,59.9223608108533,83.4326746392243,3.70833333333304,20.9815020099541,81.6,4.89326,29.5650974359157,57.4322779763223,4.21,3.40362339596918,6724.08148977274,88.6494092562519,17.785,4.91120031463828,59.4663196551434,84.0852434737431,-1.4094013660098,23.1696173890287,80.5,5.4892,30.9213104046742,56.5394200469214,4.17,2.59310046782659
GB,United Kingdom,2004,2000,-2,3,3,42434.8209023638,50.2885521756133,4.594,0.741442331384033,20.2198255952825,80.3423284929998,1.39039756680422,17.7987601938902,100.0,65.61,69.0003262647657,15.7811177845944,1.75,3.58303251413023,43320.5628684438,52.5442740383211,4.835,0.547158772249259,20.2645432136421,80.4455938127627,2.0891364902507,18.1300681489885,100.0,70.0,69.2939029352595,16.2829975293052,1.76,9.90268786448172,43944.9985799069,56.7047791729812,5.411,0.575070361550119,20.1946444035506,80.5464353583991,2.4556616643929,18.3547575232734,100.0,68.82,69.3450963411994,17.0306072743018,1.82,7.4878491502754
GE,Georgia,2004,2000,5,5,14,2105.00472843799,79.0407459055607,12.62,16.3950612257362,24.1757682481195,52.7173199317225,5.65632636191132,28.1618028765408,99.9,3.88622,51.6932504096984,11.3962317925959,1.566,9.61361623129554,2321.60084285163,84.5295975354749,13.81,14.7699403660646,23.7580566049101,53.0036280624359,8.24709043114158,28.7869270022115,97.9,6.07946,51.088986223098,12.5084976206662,1.583,7.06775086735302,2554.81253503914,89.125374368197,13.57,11.1987759157064,21.7144431794284,53.3593916521584,9.16096508394497,26.2133880593768,100.0,7.52688,55.2244758845242,2.74403730266354,1.617,15.1240361672901
GH,Ghana,2004,2000,5,-2,13,1108.30475353633,99.6703343472122,6.756,37.9524260930096,24.716756265122,46.7572004525685,18.0427388232565,28.3775066840527,50.8,1.7168,28.6782943752065,7.31382383141579,4.504,1.56810546990152,1143.31178934301,98.1715141146279,5.816,37.4530129301836,25.1254359413042,47.4528437795757,15.4389920155908,29.0021406363098,41.3,1.8312,28.9146295321445,3.72900078962953,4.496,1.34923986570129,1185.26570738595,64.5190542439152,4.897,28.3330959873622,19.3820947702815,48.1388926229785,11.6791839392492,22.46580573765,55.1,2.72318,45.4706783561681,9.38649728209867,4.399,3.04529018468516
GM,"Gambia, The",2004,2000,8,2,9,693.563314497133,49.9342995615683,9.991,31.502618345017,11.4516644496493,51.5062022597801,14.2067432845569,14.3183765243099,34.8,3.308,51.0583066586641,1.33267666359837,5.683,5.77256282742027,658.676285443081,50.0187233950976,9.963,32.0906328098921,11.4940795967501,52.3582132660613,4.83862177543157,13.8318506658647,30.5,3.799,50.7407068402588,-1.22926060926272,5.708,5.22041688120703,636.596026908866,50.374468581975,10.259,25.6002258377034,12.1238923802598,53.1603285370566,2.0565034236599,15.6906853088323,38.1,5.23769,55.604171967315,5.81532627201567,5.736,7.79879790286452
GN,Guinea,2004,2000,6,1,9,645.182843390689,34.5950959210535,4.743,15.9897180256217,20.9236440966749,32.1032575610216,,13.5428309435203,20.2,0.508819,26.9160103925124,44.8155579357802,5.733,1.8469021984972,651.359606871604,47.9377003917167,4.875,15.2811594891059,21.9879538645841,32.3962712159907,31.3733025877534,12.7254200599184,20.2,0.542254,25.9855472680562,44.5908953922821,5.727,2.45185683545098,645.472001923653,69.3862937148949,4.93,15.5845641334162,34.2753959440443,32.6868093037822,34.6952705997072,19.9527580932241,22.8,0.637492,44.9064387061431,2.82573340749499,5.704,2.96207137841546
GQ,Equatorial Guinea,2004,2000,2,-5,7,9208.60566707162,,8.03,,,40.9304009672368,4.21968787094834,,64.9,0.84393,,,5.618,7.72914723671237,10212.4545051498,131.02447181321,8.008,,,42.2814597171299,5.63163351357613,38.804824975189,65.0,1.14979,,83.2870432750132,5.559,9.36000539014064,10521.9996774827,118.532782368937,7.924,1.51825527772648,82.9149022419933,43.9301279685204,4.41589984169561,27.1401853494386,65.1,1.27919,15.6913934502382,72.6196430663846,5.498,4.65478286948259
GR,Greece,2004,2000,0,3,5,21688.1050959558,49.825317672568,10.628,4.54970535485524,20.4773277813422,73.8267602923728,2.8988481075817,25.0449225325719,100.0,21.42,64.9452947827799,16.5728476505676,1.31,0.914091172780157,21880.5265835801,50.3555334391407,10.074,4.47718109899217,18.4006884390429,74.2617376694311,3.54507273335078,21.3568870584015,100.0,24.0,66.6372280101253,13.7974957676583,1.34,0.284127006962334,23220.5324419197,51.1047465834807,8.906,3.28557674416163,20.5013778070463,74.717750055608,3.19594684144545,24.0565849914051,100.0,32.25,64.6336836812606,16.7354429648779,1.4,2.01112523714783
GT,Guatemala,2004,2000,4,2,13,3250.20406037693,70.2148723581872,2.971,13.0735432996184,27.8833550863791,47.326819486636,7.57862247309729,18.6402587083727,77.2,5.1,54.9661282032813,4.16794571836037,4.134,1.36317570702825,3284.80971612832,67.1036996082037,3.059,12.5899676936002,27.5811372404814,48.0557951573834,9.1086498571922,18.5898915722087,78.3,5.7,56.2418516877688,2.25986779782155,3.974,2.01617500337249,3388.15003339926,67.9119237396616,2.948,11.4490682853821,28.269045356288,48.7676356188334,6.56085282795384,20.4368364207337,83.7,6.5,56.724919453147,2.29586509018505,3.845,2.13587522888421
GW,Guinea-Bissau,2004,2000,6,-1,9,572.526464627294,43.192131633446,3.238,36.9704988860037,12.4404404161973,38.0781980012196,0.883302696930943,20.834934699855,3.9,1.80814,43.019059195807,3.63598861570357,5.5,0.329050599325975,595.94255560187,45.7842315450716,3.174,40.3978248032999,12.4400960708697,38.3801443659997,3.32919922802856,18.1351311386233,5.2,1.90137,39.0351052317049,-0.405864639560021,5.46,1.35867358840187,597.257151722046,48.7605033860226,3.154,39.4804221992245,12.0924056056146,38.6871193165452,1.95473717628916,19.9603683762367,14.5,2.0572,39.4736739112045,-7.9262790988598,5.406,2.81783767413937
GY,Guyana,2004,2000,4,-2,13,3937.11435304522,200.725286901642,11.28,31.4937319776355,17.1139253470055,28.0668850172523,4.66846622369882,23.5456808733306,76.8,3.7,34.8625579676053,13.9457403371322,2.681,3.80800361007364,3867.93308158647,194.350757310172,11.08,28.8858697300346,16.6691938643683,27.7758550706193,6.92554303890157,32.3339782741868,77.5,5.7,37.9228861002105,-0.32024649275503,2.648,9.31043894391441,4076.77981715707,,10.7,34.0002671058965,22.0717890267589,27.4604582346121,6.67715790410028,,73.4,8.9,40.2662192140463,,2.659,4.30285006670754
HK,"Hong Kong SAR, China",2004,2000,-3,6,1,30304.3126863152,326.841054589054,6.74,0.0731235605934626,9.17294443444659,100.0,-0.274725274725253,21.820131227557,100.0,56.3999,88.3525482004239,31.0681734828,0.922,13.1249372796878,32401.3907659685,342.689209524653,5.58,0.0674869434363105,8.45767902983093,100.0,0.826446280991827,21.3969726476056,100.0,56.9,89.0584757015137,33.2764450739134,0.959,22.5606006200286,34458.0498746756,359.208661184248,4.77,0.0629926078474022,7.99587055850563,100.0,2.00025160397534,22.4267652730467,100.0,60.8,89.9578341984008,33.4468131527501,0.984,23.2008118497036
HN,Honduras,2004,2000,3,1,13,1908.90950050464,135.461758741854,5.99,12.1707041468662,26.5378388000557,47.5739776096056,8.1137909709338,27.0803523056205,67.1,5.6,56.0255715678838,11.0497654907667,3.71,6.67606399673031,1975.85647913236,136.489768018486,4.909,12.4709247586633,26.2400447570959,48.1703884178554,8.80906074819819,24.9144205577875,68.9,6.5,56.396934051856,9.14505456947962,3.577,6.16028277171203,2056.53491469231,133.13183510432,3.574,11.8565791514775,26.7848832699915,48.7790074235564,5.57775207654298,27.3263592647173,71.3,7.8,56.95227061196,7.31918482897696,3.449,6.57287305327357
HR,Croatia,2004,2000,3,6,14,11059.0980614364,81.6444126603338,13.664,4.41765926972512,24.1488165361816,55.5890878734365,2.05539679050328,25.4340625021603,99.9,30.91,55.6281916141831,17.5036420532327,1.43,3.14124376125562,11522.7905248265,81.4923355714118,12.598,3.86650247197479,23.7734716436971,55.5307217475444,3.31717824448045,25.1830684508323,99.9,33.14,56.6357373716889,17.3923308816932,1.5,4.03155518239355,12104.0421469867,83.5170835916925,11.13,3.97818184588048,23.4058870686343,55.4685969711483,3.18982591472949,26.3000406853173,99.8,37.98,56.6198953577062,19.6661445402001,1.47,6.74944057100655
HT,Haiti,2004,2000,7,4,9,1286.90282128221,33.7809703531059,13.453,15.8505214181337,25.6128699974092,41.8705746346912,21.0318339277222,11.4076572923675,34.1,5.40126,55.4310971170289,-5.6234945573029,3.943,0.0969221359795515,1304.33303731231,34.9651045038228,14.587,18.053012942039,25.0367007859813,42.5791771857318,13.973008326384,9.81592773095545,34.5,6.3762,54.296439294312,-7.93455825262636,3.835,0.369835650694654,1305.03813815611,37.0570704128996,15.908,17.716303487923,26.494693007675,43.2846444920296,11.3452152244299,14.3527712251236,33.9,6.796,52.6501128741064,-4.66166411049837,3.761,2.10244121995639
HU,Hungary,2004,2000,0,7,6,10786.4881991495,123.615686104174,5.832,4.35683545455054,26.8778725721925,65.0225372314453,6.74434679569469,24.0648512912948,100.0,27.74,54.3555693723428,23.0147759854838,1.28,4.36291277823617,11272.7345428122,128.004810647538,7.189,3.72514185336456,27.2089503526625,66.1261367797852,3.56151711378352,23.8577292678604,99.9,38.97,55.2362663318157,23.2024032504433,1.31,24.3060288068427,11734.4544729813,149.231531568461,7.494,3.53874601085628,27.2157712360963,67.0155868530273,3.93032603841001,23.5148918369988,99.9,47.06,56.0697458908412,24.7233270656065,1.34,16.1574876503265
ID,Indonesia,2004,2000,4,4,13,2065.70617470842,59.761294836691,7.303,14.3357802955642,44.6276159754602,45.4476736441888,6.06406189133648,22.4486169728353,89.0,2.60029,41.0366037289756,24.9096501294392,2.415,0.738243979887563,2155.4478015921,63.9879358688635,7.945,13.1266186400506,46.5410588710711,46.2373757571669,10.4532001873347,23.6405117707791,84.8,3.60202,40.3323224888783,27.5280021191796,2.452,2.91611483313067,2244.0802226202,56.6571268148867,7.551,12.9738027192484,46.9435587410796,47.0017588692457,13.108670985346,24.1309915286004,90.6,4.76481,40.0826385396719,28.7037744898744,2.457,1.34794264068931
IE,Ireland,2004,2000,-4,0,4,48856.3238587396,146.587496370071,4.491,1.57408727204836,30.7660924583293,60.1994750854288,2.17854605730523,26.9502516354942,100.0,36.99,55.6088911099172,40.0688958362722,1.93,-5.4573737070047,50547.2123729763,148.175564253129,4.237,1.03354966551094,30.0341921238419,60.4882988006461,2.45654692931639,29.8289266430491,100.0,41.61,56.7283489883681,40.3082502330427,1.86,22.1832694953892,51656.8194855887,150.021785809265,4.355,0.921152718855531,30.0803731990164,60.7703677431593,3.93576114001354,30.9866916342227,100.0,54.82,56.9183200417932,39.953843860001,1.91,9.50555829114517
IL,Israel,2004,2000,0,5,5,28883.247588548,74.9731995265147,13.029,1.61692444844401,20.5600049745173,91.5829008110251,-0.421595034547416,21.6520809458584,100.0,22.7705,67.3435928085763,22.180720754334,2.9,2.10420736029139,29623.7172812577,78.3242613769325,11.342,1.87834313014638,21.2815520903908,91.6384296279033,1.34070328119492,22.1384653006704,100.0,25.194,66.4381457928712,22.9857276691937,2.84,3.26627070729098,30734.9619835354,78.4352889718463,10.707,1.81906318672985,21.583247837902,91.6825760364229,2.05407914587443,22.5138702322277,100.0,27.8811,66.4997468232451,23.235348668831,2.88,9.05944013221796
IN,India,2004,2000,3,-3,13,892.596614581612,37.503814059447,7.625,17.8146906487994,29.219106305293,28.7726067228528,3.76725173477515,30.7081414238993,64.4,1.97614,44.1148589722471,31.2437497123137,3.046,0.765596855110284,947.732565646672,42.0016696148691,7.552,17.6202069548839,29.5337641914637,29.0945497159107,4.24634362031922,32.7553370362813,68.8,2.38807,44.4429329227804,32.255129867281,2.958,0.886098378458821,1008.23275343783,45.7244804992652,7.552,16.8094420944381,30.9272399435883,29.4309857146804,5.79652337561634,33.5848915769349,67.9,2.8055,44.043235711462,34.0875841266633,2.867,2.13016842534495
IQ,Iraq,2004,2000,-1,-4,11,3354.26588756715,120.233977121676,8.719,6.93856130624701,61.8350607638528,68.2202223846538,26.9619068193272,5.36824973060621,97.3,0.9,31.7220633285599,37.7336396157316,4.527,0.818918786960291,3310.86344473993,115.742540308642,8.578,6.88686273542446,63.6084344986755,68.391425621866,36.9594809201871,13.8472241177654,97.4,0.9,30.0180595268732,42.5070569033731,4.446,1.02925980764254,3471.98744698568,89.6505198581778,8.42,5.82603290514173,61.4441919202983,68.5590667282222,53.230962911428,17.6917214468951,97.6,0.952344,33.2310996364157,47.1577837336467,4.459,0.587900739517653
IR,"Iran, Islamic Rep.",2004,2000,0,-2,12,4607.45169088209,51.3138573265888,10.3,6.88957846945821,47.4704724796045,67.2567367553711,14.7615086970672,31.2381754864806,98.3,7.49,47.9180928342311,46.085569725627,1.78,1.61769687939769,4650.35841490708,54.4404952635536,11.813,6.50138220908685,49.6372490521282,67.8708801269531,13.433118008508,28.5571687717077,98.4,8.1,47.9812176030011,46.7203934045314,1.756,1.28425430112768,4778.7934584732,53.1673587143845,11.519,7.11821124095933,48.2599008746838,68.3101850492144,10.0158982511924,27.2470961461286,98.4,8.76,49.1253327032366,46.0974793843076,1.755,0.872560020177082
IS,Iceland,2004,2000,-3,2,3,48101.7116286153,69.7326204452496,4.031,5.2287722880465,21.3111439861402,92.4377293375354,3.15819324298464,24.6369176997244,100.0,83.88,60.2341882541868,19.0398428800265,2.04,5.40905235148605,50674.4411254865,71.2106793861355,2.547,4.65967867624861,20.4017247228488,92.377441015064,3.98704782806593,29.1014370616777,100.0,87.0,60.4397043292362,17.5979119431986,2.05,18.042727115684,52306.1284689188,76.6308537686708,2.83,4.71370483416326,21.8846027987055,92.1949009038813,6.68707906136661,34.9959953036019,100.0,89.51,58.9557544477476,19.4416626045546,2.08,21.9365764797895
IT,Italy,2004,2000,-1,3,5,33348.9744820456,47.2663923891771,7.866,2.34229627595505,23.0557086867301,67.5072499739908,2.20673661423657,21.3598020854476,100.0,33.24,64.6815651520198,22.2292875276477,1.34,1.10881762156492,33407.6754716472,49.1221742288618,7.73,2.03006110909468,22.8922792357491,67.5897169318419,1.9852929852798,21.6734394073244,100.0,35.0,65.02391377712,21.4275474624953,1.33,1.9711754818286,33873.0493680093,52.9235429597012,6.777,1.94158568418969,23.0039063656952,67.6812550714834,2.09084391012754,21.9242418666958,100.0,37.99,64.4423662008526,21.5429522646907,1.37,2.91006549515942
JM,Jamaica,2004,2000,2,1,13,5507.20135110043,,6.539,4.98216525525125,22.2583396101571,52.5637655955662,13.5545023696682,,87.2,10.0,64.2416981310858,,2.198,5.49763452709418,5525.73577833713,,6.577,5.18624085360629,21.9006506006203,52.7685237926234,15.0528658875905,,88.0,12.8,64.466581747768,,2.148,5.67333342894728,5656.66803579988,,6.605,5.15582607453948,21.2201148487383,52.9707359336549,8.56106408706157,,88.7,16.4,64.6583862018319,,2.089,7.06060472344707
JO,Jordan,2004,2000,2,6,5,3935.15704743447,134.621611934395,14.628,2.49786797513256,24.7957581974811,78.3185350370311,3.36186821476601,24.785870545922,99.2,11.6587,64.3513082598969,-2.85629534415207,3.729,8.2092227069918,4151.61313015439,146.908891279018,14.8,2.75835798153626,24.9215738997938,78.412126230667,3.49368534619531,30.6276328762212,99.0,12.9329,65.0443667652595,-7.34852558931612,3.653,15.7636461414358,4209.86864014361,141.747381831126,14.0,2.58350975139105,24.8496543455046,78.755612573541,6.25172466656443,25.451973696536,100.0,13.8671,63.7999512898814,-5.65880435393522,3.711,23.5372913427131
JP,Japan,2004,2000,-2,3,3,32515.1158024695,23.6643534228975,4.734,1.23095748420526,29.9669305435635,84.3710541898905,-0.0085733882031027,25.3239274810451,100.0,62.3939,68.9896824882617,27.546383090773,1.29,0.153847735604894,33098.5474664881,26.2299545778565,4.446,1.11162940578642,29.8717070448265,85.9573620483714,-0.282946068764391,25.9010440257525,100.0,66.9211,69.4739647063861,27.4541628451824,1.26,0.113001254131506,33531.518563066,30.0163760986692,4.192,1.08249674589504,29.6655718124813,87.1460898958075,0.249355116079085,26.0446863446433,100.0,68.6853,69.4497937291725,27.3759077018862,1.32,-0.0520879011005226
KE,Kenya,2004,2000,6,0,9,1191.25443604556,59.4770033484289,2.848,24.9290410875057,16.2050773387406,25.4147539714454,11.6240355442426,16.2592234815342,22.6,3.02353,,6.6152461413026,4.861,0.286194263505208,1223.44738472019,64.4788661639796,2.745,24.2362747002419,17.0126260396617,27.2686745625048,10.3127783574683,18.6991117625245,24.5,3.1019,,7.22039944198202,4.801,0.113202068934601,1263.54164666211,55.2364851257303,2.68,20.5196878049409,19.3841059353688,28.9830768551925,14.4537342081708,19.4244380225784,26.4,3.6,50.3566785049309,9.42122112241352,4.754,0.196219632064752
KG,Kyrgyz Republic,2004,2000,4,-2,13,831.482103944381,93.8157321567302,2.259,29.9044500994693,21.6893695542269,35.3058886953128,4.11065084723381,14.56173616094,99.3,5.09039,39.6009070414952,5.78448278603126,2.6,7.93380357994973,820.709519437592,95.0840046303638,2.362,28.4832783609781,19.9674526656306,35.3030968124082,4.3386739184431,16.0060733880943,99.4,10.5338,42.4302670387872,-2.05472392248898,2.5,1.73012109521201,837.138026647346,120.749981766273,2.48,28.6802911420992,17.5544661208558,35.2997926803498,5.55212333162542,23.0330201818803,98.9,12.3069,43.3774662763917,-13.1129937495661,2.7,6.422443742837
KH,Cambodia,2004,2000,5,-2,13,775.847139030978,131.351481056276,1.003,26.6286627547039,27.6802685813967,18.9813615262763,4.31933677434786,21.7474490268637,14.2,0.300437,39.4440355684958,12.5694735506645,3.307,2.2337173477841,866.340290123209,133.551965265648,1.064,27.4457888917427,27.4192470160455,19.0922720052225,6.61525912001587,22.0482982049285,20.5,0.317322,39.3541365970232,11.5973865680002,3.238,5.36603852621255,947.065220050691,140.348734318483,1.152,26.2857429362019,29.0700225848228,19.2299832388976,5.81068550464306,23.0793894655423,27.5,0.468357,39.1127580064829,13.8589552027884,3.175,5.78657071926189
KI,Kiribati,2004,2000,8,5,15,1378.9582420937,101.359702114731,,22.6130628192732,8.95312920919141,43.5238025326975,,,62.4,3.5,63.4678709104852,,3.734,1.87697867593672,1368.99716100101,123.594268587865,,19.9785633659329,8.42015582448247,43.5443274444527,,,69.7,4.0,64.8679710349696,,3.76,2.28808112178245,1419.38709899471,94.046808140823,,21.629619313767,9.76537798158119,43.7349826427011,,15.7118099237607,68.8,4.5,65.8064075025563,-58.972284619304,3.815,0.506000711616138
KM,Comoros,2004,2000,9,3,9,1231.14746798849,35.7570631253248,4.571,29.376019929184,12.2062936509226,27.9596300229124,4.47499289078107,17.1164637474012,48.7,1.32733,54.5343190862136,-0.0422929119022869,5.065,0.108010654825932,1274.6143662974,35.7574093238258,4.522,29.3762739037829,12.2064983176676,28.016895208368,3.0133239505812,17.1164439891343,51.0,2.0,54.5345549922057,-0.0425434859779908,5.012,0.0852741893191707,1227.24636392125,35.7572745739842,4.473,29.3763406198683,12.206432106225,28.1143215973031,3.37436360121204,17.1164559786779,53.2,2.2,54.5342926673759,-0.0427539320969577,4.934,0.11306053010776
KN,St. Kitts and Nevis,2004,2000,2,1,13,14619.795111247,,,1.78207404484777,22.7029949657687,32.1287199225823,2.31455462238093,,96.3,24.7377,67.946778895684,,1.964,9.07455659677946,16000.5658929826,,,1.66096991437951,22.2498223290128,31.9804975781124,3.37781903988238,,96.5,34.0,68.8226335916613,,1.931,9.90185105493234,16457.8622372067,,,1.18856039358131,23.1516391558233,31.8364279281447,8.48748575845879,,96.7,38.5,62.4362039634006,,1.902,15.5984629925169
KR,"Korea, Rep.",2004,2000,-2,0,4,21244.8136800528,67.9270638751076,3.42,2.83577440437347,34.6033711629612,81.104386778171,3.59066298882578,30.9148949506372,100.0,72.7,53.687155797211,36.0614170143495,1.164,1.61486572889407,22123.7613066851,66.1695148242697,3.482,2.50593990708172,34.0824608322854,81.3901352283669,2.75379162735039,30.4585673582197,100.0,73.5,54.4153166953969,34.855409925184,1.085,1.403996477148,23162.1860111297,68.3749509402263,3.254,2.3878051747446,33.5291229527825,81.566462110512,2.24234028518921,30.5042866575012,100.0,78.1,55.152768118836,33.5721769686454,1.132,0.836569086676283
KW,Kuwait,2004,2000,-4,-1,4,37918.5405829238,89.2976416790834,1.7,0.404756603698185,,99.94716743531,1.24856443679889,,100.0,22.9271,,42.7220880645327,2.762,0.0399618649631494,40451.2551656974,92.2426800942645,1.456,0.301358018412085,,100.0,4.14297583631023,,100.0,25.9261,,52.1366325890511,2.731,0.289490192089246,41137.969927672,89.7130931980522,1.3,0.236515719642342,,100.0,3.05701339166722,,100.0,28.7912,,57.5360966422912,2.589,0.119445435810722
KZ,Kazakhstan,2004,2000,1,-2,12,6233.29439373307,96.4091997009336,8.4,7.12295798751998,35.3518419501918,54.9200902244233,6.88205438981896,25.0833136815967,100.0,2.65039,53.3800989868324,34.8524802916349,2.201,13.0128589220718,6787.4115548789,97.7625030243024,8.13,6.36952301555866,37.6280181516768,54.6481873472392,7.57999929125767,27.9645998695622,100.0,2.96171,52.0218847182371,38.8945001467935,2.274,4.45711144385218,7450.39687062615,91.4535267973373,7.79,5.49583486199441,39.3564557485124,54.4137278108953,8.72169386091742,30.1984450109672,99.8,3.26837,51.624997728548,44.0974528485731,2.38,9.39605595950726
LA,Lao PDR,2004,2000,4,-3,13,1088.76034728831,66.0797516222837,1.498,30.5213475173909,19.3595097686057,26.5371091732139,10.4622667314208,31.754243509919,53.5,0.361434,44.0601141074548,15.4987370171598,3.898,0.714895049062071,1148.68153852071,71.7926462737852,1.35,28.2951353434837,23.2287895606829,27.3224977292697,7.16541759946639,34.0580868030095,57.2,0.850357,43.3904134909633,20.1929119718653,3.685,1.01332132437858,1228.08927619923,81.9613754162421,1.198,26.7296699146578,26.1754512486046,28.0378756242097,6.54559439052787,30.0695410386414,57.0,1.16989,38.1438717266097,24.4183206684351,3.559,5.42138961728604
LB,Lebanon,2004,2000,1,6,5,6633.75258002393,90.9727970270956,7.85,3.82091029633439,14.5751663754257,86.6049279736931,,22.3672723596403,99.9,9.0,69.0739947560555,2.20462604005622,2.378,8.97351609461343,6707.18024635316,92.762656272585,8.247,3.57963505822563,14.7600382336009,86.7665156672703,,21.986580123017,99.2,10.14,71.1421422568266,3.45043210834551,2.291,12.2038495910608,6696.37428200596,91.0693970298409,8.671,4.46973485890735,15.008151375903,86.9323508787087,,21.9166201382779,99.4,15.0,72.7943057979431,0.658009060556398,2.244,12.1444381288428
LK,Sri Lanka,2004,2000,2,-1,13,2149.10628588002,79.4829449011187,8.38,12.5438041438828,28.6181015199147,14.9130061059922,7.57592582995856,22.6379241654435,76.5,1.44616,58.8380943362025,16.4326220884324,2.271,1.12667735136244,2268.6880127005,73.6039729580533,7.67,11.8194768226447,30.1880884644457,15.167273918248,11.6396860971118,23.3719507074008,78.1,1.79205,57.9924347129097,17.8972285347821,2.263,1.11612854301768,2426.34873273046,71.2611784883009,6.5,11.3362802346632,30.6422951801489,15.4829275281105,10.0201836057035,24.872051397226,82.1,2.53757,58.0214245851879,16.9757850463473,2.292,1.6970072277349
LS,Lesotho,2004,2000,3,-6,7,817.793597897186,,16.206,5.98400675567569,34.6653077489584,21.7993659097494,5.02342068616285,,6.8,2.17552,48.7010986075853,,3.508,3.68383275611256,853.960500629797,,16.086,5.67113040473066,33.7701071067011,22.5317981562788,3.43788423057443,,9.6,2.58025,48.8777892583314,,3.428,1.6309558178279,893.750686627156,,16.107,4.8427648086475,35.4813196531581,23.3329886243114,6.07271879734293,,9.7,2.97971,47.453282212477,,3.414,1.35116866658488
LT,Lithuania,2004,2000,1,0,12,8851.92598922347,104.072070698543,10.684,4.15167623775201,29.527855822781,66.6022567749023,1.16410252104671,22.8037215070817,99.4,31.23,56.4136355802795,16.4155380751252,1.27,3.86727514737432,9692.86853763267,117.449691165186,8.325,4.32727074499656,29.7236068505939,66.5784912109375,2.65848484065262,23.4031526577558,99.4,36.22,56.5173523499693,17.1864058169132,1.29,4.9513140342573,10577.2145522871,124.613633047292,5.78,3.8728905163979,30.1705478851017,66.6381530761719,3.73912004060664,26.0125275452576,99.4,43.9,56.480638797473,16.5967724287336,1.33,7.50221604684683
LU,Luxembourg,2004,2000,-4,5,1,100292.566948333,265.226884855637,5.113,0.535432004959881,15.4393460205431,85.9799097226846,2.22567916428889,21.2432820905258,100.0,65.88,72.9001733879492,43.5471619159367,1.66,14.7716141859696,101222.044353044,284.077476869478,4.488,0.35650094088746,14.4661273579401,86.3735649102561,2.48769665164088,19.3477913830151,100.0,70.0,73.9922867769233,45.0815174908769,1.63,12.329408958379,105614.178851764,305.879547488526,4.731,0.311756721900439,13.5205791243289,86.7738936810355,2.66631494577069,18.2150542888824,100.0,72.51,75.9521165224508,48.6049513614393,1.65,75.0860517176911
LV,Latvia,2004,2000,0,7,6,8957.23393555082,97.2352655771748,11.708,4.36504580120425,22.3401097520348,67.9206702831277,6.1923854719744,29.4387765998433,99.7,38.58,62.6488857845553,18.3839503525728,1.29,4.27849106532647,10106.2626157732,104.517156602918,10.033,3.86773701723693,21.0400390822509,67.8953910570353,6.74845027893112,32.0297241247039,99.7,46.0,63.5485658100672,21.4771195050029,1.39,4.96633075101776,11507.4648265658,105.695342080455,7.03,3.42315192809587,21.8741590495671,67.873733661714,6.53619908765877,35.3212529611428,99.6,53.63,62.6075963955879,20.0306760307133,1.46,8.34682590505321
LY,Libya,2004,2000,-1,-4,11,11529.1086646221,96.1293320792401,18.911,3.34262291274763,76.6425137601895,88.0371675280346,-2.197567740559,13.9613414152674,91.8,3.53284,,51.6108228244966,2.773,1.07782345154323,12628.896152656,90.8608896854615,18.639,2.51001097978428,80.9742943873926,88.135773324416,2.65020576131657,15.1679450041982,90.1,3.91779,,64.236800361687,2.765,2.19289483627204,13176.7758911904,97.7381011197381,18.779,1.51764483817067,86.6695550057577,88.1599560242948,1.45926876202724,20.9847969484951,88.4,4.30105,21.4916497863516,66.9889445020845,2.699,3.43460585952791
MA,Morocco,2004,2000,5,4,13,2301.08178710938,55.5516384744536,10.83,11.869333718001,24.0029876116656,54.9787569660869,1.49344403381774,24.6143543607621,78.2,11.6079,45.6602444605801,32.8588710751388,2.611,1.35118647717804,2342.15478515625,61.4938276863235,11.01,10.6988804483578,23.6812068826614,55.4397798676399,0.982641660015951,25.7936133380221,78.6,15.0844,47.3638124036934,31.3693107114585,2.613,2.42635467647837,2489.99291992188,64.6721977787154,9.67,12.304168098197,22.7530814100902,55.9627589629824,3.28476166954811,26.3850747469865,96.5,19.7712,46.499023933398,32.0831900192329,2.611,3.24283497739456
MD,Moldova,2004,2000,3,-1,13,1781.19145323724,132.69906968032,6.374,17.5867382617383,20.7175324675325,39.4460945129395,12.5242768428228,21.1877122877123,99.1,10.6294,49.8806943056943,-3.9513986013986,1.543,5.81198983204296,1919.44550763748,143.023568469138,5.633,16.3997954955912,19.1675900350579,39.3704032897949,11.9591837222126,24.5881546796983,98.6,14.6303,50.4115505152449,-9.87048762349942,1.528,6.38146310288962,2017.17730062908,137.154763819994,4.2,14.4988760781159,18.7779036510703,39.2182388305664,12.777755783035,28.3583478571748,98.9,19.6206,52.6490324887161,-13.8948295124458,1.537,7.58980668418465
ME,Montenegro,2004,2000,5,8,14,4775.39883026359,100.109654967142,30.37,9.2619220581357,18.9729443885822,62.210498320663,,17.1322860515408,99.0,25.3501,56.8952971733453,0.56558247389032,1.734,0.0,4967.68527082416,104.625139256659,30.31,8.75765980493599,17.341544930727,62.6763680644251,,17.9796186654061,99.8,27.1,57.6489509056228,0.199614984953118,1.69,0.0,5386.53833750521,118.177129375183,24.79,5.65822716443527,18.4566268180351,63.111308588912,2.92451258123648,22.7582986694709,99.0,28.9,57.5966091195002,-13.2738781349234,1.73,0.0
MG,Madagascar,2004,2000,6,0,9,443.278654985967,48.7753818852156,3.946,31.4205052808436,,26.1869753064804,13.9558018033211,21.1510251154033,15.3,0.525354,50.2445789659486,11.2902561420558,5.264,1.0446898563867,450.955230911228,59.1300849357677,2.62,30.7627339341287,,26.4743019495822,18.3638246468932,19.3271126967742,16.0,0.567722,51.4124515283538,8.835799976463,5.195,1.45800803699285,461.540337897729,62.1028389370244,2.946,30.1822717236059,,26.7586741989468,10.7656371554865,20.3112680040621,16.8,0.607552,52.4774184184697,13.1822566287394,5.133,4.60749200280628
MK,North Macedonia,2004,2000,5,8,14,3473.76544811451,80.8704849956907,37.161,11.5539948572935,21.0384420875685,57.8527941292946,-0.448650206552038,21.2279102234442,99.4,24.44,54.1939412933693,1.58412456461505,1.524,5.4398972911896,3657.56307699216,85.8410034787176,37.32,9.73619454882038,20.3620070871171,57.8614206464767,0.525515950714282,19.0373062471024,99.1,26.45,55.766792998473,3.61942246155742,1.5,2.32207737874559,3866.74650622977,92.5516664675666,36.392,8.98936805638514,21.6625851152789,57.8796574341199,3.21362929606346,20.0836220284315,99.0,28.62,56.2859873372357,4.43943375940748,1.46,6.22985642423446
ML,Mali,2004,2000,7,0,9,800.501816706213,44.0120986422566,1.412,23.7241309998183,16.8551885175856,20.4570532892964,-3.09978128063957,21.3355187398765,16.4,0.43282,50.1080870456577,12.3554573163934,6.741,1.3104512944739,794.373328211361,44.9124085077551,1.379,24.2687063406071,20.6177348469944,20.8706715422205,6.39788293897883,18.4530016971212,18.2,0.507063,46.3414087058786,9.61098898966315,6.708,2.15749775651619,797.100532884951,49.0190773449704,1.425,22.200470279959,24.1071894414728,21.2987608960246,1.54352596927582,21.6944450977083,16.6,0.729627,45.2894690334213,17.5986040798548,6.677,1.8062250031959
MN,Mongolia,2004,2000,1,-2,12,1942.36263694017,131.329318233554,6.854,20.0297765271852,28.3334403733025,60.7829994587671,8.24115449417619,27.8191823685973,74.8,,40.2348364808485,20.6864398135583,2.0,4.66450219552693,2060.26168223171,122.381459889773,7.017,19.7979604915498,32.496500599666,62.3122627023789,12.7165674066053,27.9380278698965,86.2,,37.4557419626278,32.6858680533695,2.0,7.43499550055971,2209.74321787628,112.929983096983,7.193,17.6436708395409,38.6926063353314,63.8388366340039,5.09516661663157,33.30225474823,77.0,,33.6016996064578,41.0138797671674,2.1,7.18968945819168
MO,"Macao SAR, China",2004,2000,-2,5,6,47665.9330386643,148.903750204961,4.904,,8.41746503946968,100.0,0.980728452039424,15.3275866107611,100.0,31.4841,82.6134314024033,56.7075027523366,0.855,7.24868934401704,49470.940295748,136.372221937073,4.158,,10.9716162808602,100.0,4.39589284335676,24.8729661756403,100.0,34.8629,82.4400759636606,57.938715803521,0.912,14.5971664934488,53240.2045750276,128.785689078596,3.822,,14.1017023207354,100.0,5.14997337750697,32.6465793940209,100.0,46.4,77.9521736938512,61.8246592837817,0.954,19.6103756817311
MR,Mauritania,2004,2000,5,-4,8,1338.66768122804,75.2188046787959,9.791,22.9178992193284,27.5321174229442,39.5685575664461,10.3676233473073,44.7763843098258,24.3,0.48147,42.8464291437464,6.57353368739472,5.374,17.1048404222648,1418.53202144135,88.2350995596491,9.626,20.0701967217813,33.1903258148872,40.407151934074,12.1256487185541,40.7268979575153,18.2,0.669966,40.6837476533578,14.1767345430616,5.376,27.6520361298831,1637.04191255803,82.7885012130323,9.37,16.6071438940053,43.8696653715372,41.3739934217664,6.2410332814282,36.396607225657,27.0,0.979661,34.0804263088307,27.9403622303364,5.404,3.94434472704714
MT,Malta,2004,2000,-3,7,2,17728.3659761648,155.889918335599,7.317,1.84736505981709,22.2283553941103,93.6081858790552,2.79082848067754,21.1441626797356,100.0,34.62,63.5499754739936,17.8850657837968,1.4,122.360207081347,18123.2685184554,157.548497842721,6.923,1.7875545637088,20.7396104779478,93.6985189936163,3.00796652450313,22.5436879411797,100.0,41.24,64.2901080746269,17.6942670885295,1.38,341.007650630542,18479.213008171,182.434055594702,6.798,1.81352377451364,19.8027408604861,93.7986874969541,2.77378006481472,20.4447536424547,100.0,40.41,65.2891824679354,16.8335091810353,1.36,370.903563703426
MU,Mauritius,2004,2000,2,1,13,6480.13648507258,107.027698267505,8.337,5.20608568669627,24.0862009085375,41.3265540022042,4.71037060105883,21.4190988551426,99.0,13.6891,56.7403832844542,23.5996183764334,1.92,0.208397536162955,6556.38819193225,121.608743996836,9.524,4.91181106695197,23.0539698198427,41.1419874152917,4.93717004981795,21.1944773416414,99.0,15.1722,58.7567132591815,18.5668000308109,1.88,0.635284471239675,6843.39977734988,124.782280192468,9.04,4.83159024933392,21.9955550253399,40.9607687547567,8.91350105650142,22.8412490113687,99.0,16.7,62.4293598087689,20.3598396981305,1.77,1.49569053565725
MV,Maldives,2004,2000,2,1,13,8174.41607301248,,6.1,5.58419966027205,11.0588124850619,32.8541942827704,-1.68541212459466,,90.0,6.58825,73.0358466132005,,2.262,4.31467445406402,7141.88377049891,,7.328,7.72803149548683,11.7319295235534,34.0715178283824,1.30027500930997,,90.9,6.86961,69.5749976187982,,2.199,4.55499673617996,8620.72814678183,,8.392,6.59515824761547,9.51763413160835,34.8678636610379,2.73842131602099,,91.7,11.0364,72.9062181385384,,2.204,4.05198051459747
MW,Malawi,2004,2000,7,0,9,408.064916052765,,4.971,28.8733040048574,18.4439345804436,15.0316039821946,11.4298060822124,,6.9,0.347505,46.4939592314372,,5.864,2.13119600751874,410.267979592536,,4.944,27.3766782308788,17.5211453129149,15.1041793656241,15.4103446604296,,6.6,0.384489,47.8108177015335,,5.848,2.62567004771803,417.877689776503,,4.96,25.6738776075689,19.2118062737994,15.1753987017157,13.9742943548388,,3.7,0.425137,48.8725353335126,,5.802,0.611208219192404
MX,Mexico,2004,2000,2,3,5,9421.28975988024,52.0406200335632,3.937,3.18594698304908,33.0062868258443,76.3274397419019,4.68840884843143,20.780907227933,98.6,14.1,59.5869309292277,20.0649413955422,2.536,3.06821035154364,9491.51730225718,52.5626446517886,3.558,2.94567227515179,33.0531376314209,76.4748624380269,3.98805714597437,20.7103497137228,98.9,17.21,60.0439876595723,18.6970264218082,2.495,2.74220134218643,9813.8280424425,54.4821160886169,3.566,2.9429551635864,34.3856666700872,76.4982455683657,3.62946762439132,21.6799481845682,99.1,19.52,59.0671808513914,20.8335763216609,2.456,2.16893035275929
MY,Malaysia,2004,2000,-2,-1,4,7025.34558004381,210.374265897124,3.54,9.27100209261509,48.5303176049683,66.0647889111941,1.42127115937402,20.9548400162009,98.7,42.2523,44.5475985554205,43.4221850951802,2.493,3.50787262049412,7234.02442689141,203.854644595624,3.53,8.26229170422644,46.3683224854575,67.0159820173565,2.97507092684449,22.3035148589531,98.7,48.6292,44.1971529384927,44.3399107395811,2.391,2.73438734940078,7469.8106921211,202.577146840398,3.32,8.60998284136304,46.5156572562267,67.9191992840997,3.60923564224389,21.9550121987185,98.8,51.638,43.9262781844017,44.4973390707526,2.308,4.72716484834358
MZ,Mozambique,2004,2000,6,0,9,377.064958084878,72.0520001612374,2.955,22.4901289092367,19.8066623565294,29.8592114813982,,,10.7,0.679448,46.7802468120728,9.29505528380809,5.551,5.99090663119619,391.699758163976,72.0092609780982,3.037,22.9214059867823,18.6061383452371,30.0098613217248,6.42755278070087,,11.8,0.854357,47.8301891535813,9.09612383911082,5.5,1.380320098608,420.526462764726,67.3498976872689,3.039,24.1133917238134,19.8162320132045,30.1740801725307,13.2450879070999,,13.0,0.842954,46.0372364063382,12.6644146394147,5.452,2.64086218183932
NE,Niger,2004,2000,7,-1,9,393.398781453199,36.9641044464896,2.747,37.3717285561201,17.7534672936549,16.2687225341797,0.262543757292838,14.2520471754012,9.7,0.189934,38.3835492189962,4.05020903922038,7.777,0.649159742962507,407.190931059924,38.3477418070736,3.1,39.2805201285945,16.3274879150549,16.2687225341797,7.7974978178644,18.2210881945706,7.1,0.221341,37.9194605692429,9.8105204704172,7.769,1.13506754317922,415.852022114801,36.5313731842429,2.536,39.7450785783419,16.6265686310414,16.2675724894628,0.0404858299595074,19.023650215607,9.3,0.294034,37.4439531922514,11.0180105278196,7.744,0.847497530197073
NG,Nigeria,2004,2000,6,2,9,1824.80269456773,,3.601,27.2304536006497,28.390040064544,46.6994804889599,14.9980338183251,,46.1,1.28614,43.355018249934,,6.09,1.38037387490881,1889.25175325818,,3.734,26.0892828250796,28.2015834476344,47.5656414756863,17.8634933661605,,46.8,3.54916,44.6842057357904,,6.063,2.83629405374323,1949.15856804565,,3.756,24.7349912601339,25.7516355955536,48.424271994461,8.22522152017047,,47.6,5.54504,48.488798713658,,6.053,2.03575267319874
NI,Nicaragua,2004,2000,4,2,13,1555.87425694816,67.195316780004,6.41,15.9688222709169,21.396991205962,55.7791779253789,8.47021063584077,,75.2,2.32066,50.4838508360202,3.26409973098749,2.784,4.31560328721207,1601.48770707458,71.6457237072991,5.37,16.137898065388,20.9665631875219,55.9375480421093,9.59909986064425,,73.8,2.56635,49.8576240795747,3.02225406974194,2.765,3.81407422484717,1644.37193565251,87.309670832079,5.31,15.8996625466787,20.8761042755265,56.1058547675536,9.1401996677772,24.3527424512762,76.3,2.80557,53.7592580608306,3.47620237132438,2.733,4.24030000066427
NL,Netherlands,2004,2000,-4,3,3,41663.1477772692,116.958160026939,4.646,1.87462493392253,19.9551143492992,82.250953139759,1.2636473918318,20.1789782400536,100.0,68.52,67.2590594330412,28.469090792798,1.72,21.160832133529,42411.3453838518,122.255849523252,5.872,1.87119658954082,20.2797936079201,83.5048949725161,1.68813017869623,20.3123361573035,100.0,81.0,66.8422156413956,29.3072775987938,1.71,30.5011693880359,43841.1223404104,127.195613539333,5.007,1.95984638535758,20.4722492697176,84.6532280358545,1.10150106517702,20.9095675502686,100.0,83.7,66.4371412423993,30.0311178597449,1.72,50.9095810861305
NO,Norway,2004,2000,-5,1,4,72090.9862854901,68.671953774992,4.256,1.33559044875548,35.4260864604952,77.5684593888498,0.45449850222084,19.5897597648484,100.0,77.69,52.0771222113915,35.0578791280018,1.83,1.85415606218434,73524.2549197612,70.4694504909023,4.381,1.35951412016903,38.3804105782717,77.8260148882032,1.53213367609254,20.2992232993179,100.0,81.99,49.5249211707144,38.83693692205,1.84,3.24498545607206,74729.7365961068,71.6599299465003,3.397,1.36556231799507,40.0562998933421,78.0877227783203,2.32934980757544,20.8689402666492,100.0,82.55,47.8463695198508,41.3441048941714,1.9,3.42386990722308
NP,Nepal,2004,2000,9,2,9,589.46992868617,46.1472867206087,10.71,34.6763571054627,16.6573202744672,41.6109470808194,2.8418113124898,20.341165051076,37.2,0.449844,45.1719518806742,11.7492427931864,3.279,-0.0057375573705338,603.190108570995,44.0629474798613,10.617,33.824896676688,16.4670892346949,45.5065633424317,6.83633265892877,19.9417385462122,46.1,0.826551,45.8341533596194,11.5556597592177,3.115,0.030156295078659,617.477638588722,44.7619877569242,10.639,32.3664850386189,16.0679668054868,49.5059100328759,6.92033580707589,20.7208860024095,51.2,1.14139,47.9339045137933,8.98307832021575,2.967,-0.073509433259411
NZ,New Zealand,2004,2000,-2,3,3,34372.5891093868,58.7995522745359,4.005,5.36558854547454,23.5521710155992,85.9017708294597,2.29024902847571,24.2179361926513,100.0,61.8476,63.890811922955,25.5695236123422,1.98,2.23263039125039,35126.3341641095,58.0187434407163,3.807,4.51769702400314,23.9417689045459,85.9299325780946,3.03702332617012,24.7457606314097,100.0,62.7202,64.3076772003903,23.9712281433928,1.97,1.66201517661775,35665.3533259784,59.6032650403479,3.857,4.98360503244111,22.9953954559196,85.9356841665703,3.36540196171993,23.913397362852,100.0,69.0,64.3316434501523,23.3738750261622,2.01,2.61132933725814
OM,Oman,2004,2000,-3,-3,11,19534.8601445269,88.611307129045,4.734,1.68992915860957,53.36473693375,71.5428923484265,0.624969062631367,26.5119092350413,100.0,6.75885,46.0212432526554,44.5980003115921,3.2,0.391323075231172,19629.0451546015,86.7613020421318,4.626,1.41513580029885,60.285371070288,71.8577803438712,1.90983553531865,25.1977674255076,99.9,6.68358,40.2771673844892,52.2384342679675,3.029,4.33257156250914,20096.3965576134,86.1457079854133,4.383,1.22533000226008,60.292833102235,72.3920261203777,3.54498591605033,26.8546401891137,99.9,8.29972,39.9759331993574,55.0225702610087,2.879,3.74867907471091
PA,Panama,2004,2000,0,6,6,7468.76593461799,124.761756836196,6.127,6.20690448694241,17.1143205033941,63.7553758418416,0.474723078204336,18.3918721719248,83.4,11.1409,72.5389164474531,23.4973846164467,2.68,8.46279993310649,7935.87134515908,139.211164757519,6.002,5.72339050573482,16.9418882346097,64.0721934428526,2.85588324760959,19.3326794381005,84.1,11.484,73.0155449639046,24.2943653537316,2.643,6.6434443919751,8557.98017379308,141.472571182754,5.822,5.29180834403887,17.0590241541399,64.355408255933,2.45789346442096,21.5470964944264,84.8,17.3496,73.9597420592592,25.5212748469552,2.62,15.7789064426648
PE,Peru,2004,2000,3,3,13,3640.60299869744,41.9360782679273,4.71,6.93443306205717,32.6500976155483,74.3769516383133,3.66247320092233,16.7885581415755,75.7,14.1,51.3878956720118,20.7440717748481,2.673,2.39489207548148,3835.13219279722,47.3573174768394,4.87,6.85426462318893,34.3566674243965,74.8162354830832,1.61630193862544,17.062082002321,77.2,17.1,49.8362904737407,23.6240224288033,2.643,3.39034816926813,4091.36268615581,51.7850560338442,4.17,6.60348433016044,37.4577549944707,75.2766672012397,2.00225801248819,17.7861377815903,80.2,20.7,47.4170688770149,28.9388192413297,2.619,3.91065680458787
PG,Papua New Guinea,2004,2000,5,-3,8,1821.84741071002,131.082911016249,2.526,35.9686628123206,36.990625566481,13.0951673752744,2.15893131266946,18.133666800386,13.8,1.50791,,33.2464946894887,4.283,0.828665064000147,1875.82273480514,,2.387,,,13.0708971726612,1.78080439925826,,14.1,1.71619,,,4.22,0.821562762714584,1915.2349405788,,2.287,20.4032370575395,35.3656202972197,13.04994211169,2.3684623841683,,12.4,1.75449,41.1601229958445,,4.148,1.53859475240196
PH,Philippines,2004,2000,4,2,13,1978.34489133113,87.1252848232048,3.554,13.9844036917201,33.6186962072883,40.8507057988121,4.82921083627795,18.5446006809846,87.6,5.24363,52.3969001028699,17.2594046045221,3.524,0.623144777963454,2037.8776605946,83.8456745708051,3.795,13.517547003593,33.8136763053241,41.3297701258519,6.51685393258433,18.1815181976669,79.8,5.39764,52.6687766910829,17.1809339330292,3.448,1.54906009249231,2110.42044781284,80.8505386728775,4.052,13.3612491069675,33.4625853303804,41.8308558715226,5.4852320675105,18.7189130549452,80.2,5.74059,53.1761655626521,17.6557178385238,3.466,2.12091886479217
PK,Pakistan,2004,2000,4,1,9,1146.99632842666,24.8083348519064,0.608,22.0018900085347,18.9071452885794,33.7441369568158,7.44462469342739,13.9407707135863,77.0,6.16432,53.6616637238921,13.6883765628474,4.685,0.845585701616171,1201.23359367214,29.8784940550747,0.585,21.5745096992331,19.9330293059047,33.9190062789495,9.06332737030417,14.5564437884802,78.1,6.33233,53.756287210192,10.8916332375297,4.595,1.51575083116461,1243.94142602543,33.0497193672284,0.582,20.4183460540925,20.199119664936,34.0931793866356,7.92108440058789,16.5722141638029,79.1,6.5,54.2181198042166,10.3303880493565,4.589,2.63975006245443
PL,Poland,2004,2000,3,6,14,8323.38773754587,70.9815765694162,18.822,3.33358582113835,29.185278751871,61.6555172559989,3.38264681884691,18.5995674990585,99.9,32.53,55.9833742114646,17.6318279725905,1.23,5.41150845702569,8598.57681241557,70.3114790902584,17.592,2.96760371813755,29.058898029081,61.5497010774856,2.18379872390258,19.1151050092974,99.8,38.81,55.8857255613399,18.8468055246539,1.24,3.59641795552772,9137.65850849801,77.7008035402352,13.794,2.7459182485152,29.2021893560033,61.4199688499096,1.28469394366408,20.6873646209386,99.8,44.58,55.7400722021661,19.5714452078724,1.27,6.20790606582043
PR,Puerto Rico (US),2004,2000,-2,-2,11,30375.7895758237,117.000863757497,10.31,0.626600481487628,47.9433404762634,94.1544210292187,,14.8914449214131,100.0,22.1307,49.5255907284443,33.572155722159,1.7822,,29815.216422231,113.744794728395,11.35,0.594971397399844,47.2323566719793,94.058055748557,,14.1829361779366,100.0,23.4001,52.0048766577424,31.9181112935694,1.7702,,29519.7386759729,117.728477994388,11.01,0.590822137458644,46.8599016480151,93.9636036518786,,13.5585495551406,100.0,25.4424,52.2955881640463,30.7045269280876,1.7123,
PS,West Bank and Gaza,2004,2000,7,5,15,2426.41565630382,81.1235906237101,23.215,11.1403184810237,19.9887032651908,78.9926422349822,3.00417498638593,24.1489431035606,99.5,4.4009,57.4199995655102,-27.2055788490365,4.971,0.445786535161087,2632.24627423958,83.8363540589578,20.016,8.98999161090193,20.9844509042667,80.5172240645229,4.10725070715931,23.8601556860526,99.6,16.005,57.3170493786215,-29.9627367969253,4.867,0.707064400959869,2540.26763083127,82.6374735897388,19.014,11.3867958042743,18.3553652562497,81.7611786265942,3.84234125624782,20.9524521810669,99.7,18.41,58.2558943963502,-30.8340968158106,4.739,0.347548940784922
PT,Portugal,2004,2000,0,3,5,19137.8370898949,63.2045936670279,6.319,2.60214117997755,22.2369566238035,57.4171857647664,2.36536204097302,23.4240673865132,100.0,31.78,62.5652601326721,15.9538332845928,1.4,1.312247289237,19251.71450683,62.944504560452,7.582,2.30349335448735,21.3833086063294,58.2450763389585,2.27716394887834,23.1265756274961,100.0,34.99,62.9727336595912,14.5824444596038,1.41,1.70741232717781,19529.3122100477,68.5470531182009,7.649,2.25313751520814,21.1476529637361,59.0340947058419,3.1076654587105,22.5328535552248,100.0,38.01,62.894552522885,15.0934290940801,1.37,6.41633004151996
PY,Paraguay,2004,2000,4,4,13,4151.34584799423,80.1044466155542,6.513,13.9333504941588,38.4052880586144,58.7421370296254,4.32326492967491,18.3035266148838,93.2,3.45244,41.0107690235008,31.339392976653,3.053,0.976461922292792,4193.28086525675,85.0219636540457,4.825,12.7139528266327,39.2893886541103,58.894079141979,6.80738203116377,19.1467974071334,94.7,7.90701,41.7986259493051,31.0684049812669,2.973,0.067986029076693,4349.31197066239,84.7335313048126,5.277,11.7935958026272,38.3057903240628,59.0202286834627,9.58934941129229,19.2755065466128,96.7,7.96207,43.635121064116,29.8030233062041,2.889,1.39842122336644
QA,Qatar,2004,2000,-4,-1,4,59990.23422872,90.3724288385622,0.87,0.181799293579888,,97.0472579559041,6.79933665008279,,100.0,20.7016,,69.475032897015,2.794,3.77817958307362,60416.7101500199,94.7455441696331,0.87,0.133258478262211,,97.3016654918171,8.81439532334683,,100.0,24.7335,,69.7435391230852,2.635,5.61413033419499,64676.3189868053,98.570919313572,0.87,0.121835107463077,,97.5827378795062,11.8358096197431,,100.0,28.9741,,68.9532559304367,2.509,5.74881210770224
RO,Romania,2004,2000,1,-1,12,6008.64048461485,60.6264786669408,7.719,12.7055114609076,31.8347873600822,52.9175295523808,11.8743635936399,22.2953038620972,95.3,15.0,45.1610886176413,15.0779583658066,1.33,8.59368512961184,6328.09022324183,59.3605494490555,7.174,8.48610428920676,32.2658742760889,53.074507031037,9.01491283343835,23.3629492100554,95.6,21.5,47.9286025784533,12.6405772254872,1.4,6.60067175776297,6876.77841417966,61.6836259265159,7.27,7.82080658741648,32.9782770932418,53.2566380678272,6.55851412276983,26.6161477360716,95.9,24.66,48.253514239885,15.3257969218345,1.42,9.02006052535516
RS,Serbia,2004,2000,5,6,14,4527.43498659451,72.2876162455649,18.5,7.62709744796992,29.8266761335649,57.3144555999278,11.0263627183464,19.3912200813942,99.6,23.5,45.2096860967778,1.53236270402791,1.57,0.0,4809.1384076488,71.9925488520017,20.85,6.16013694013165,28.929036607637,57.7508909888183,16.1199806482826,19.254267304221,99.7,26.3,47.9964379991408,5.01004636388601,1.45,0.0,5016.41289322251,75.529235364472,20.85,6.22223200235689,29.108060215991,58.1709152910668,11.7240229980834,21.1836643543655,99.6,27.2,47.8357001781043,4.13319523663907,1.43,0.0
RU,Russian Federation,2004,2000,3,4,5,6856.67822265625,56.5818523984055,7.763,4.90444194797732,31.7022224269588,73.3065795898438,10.8886157326216,18.3852992882938,98.0,12.8594,50.6582705909717,32.5907597185411,1.344,2.60618528064118,7323.38525390625,56.7132484905422,7.124,4.25591600597494,32.6292320732921,73.1613922119141,12.6853039507349,17.7553986041778,98.0,15.2267,48.8060444911754,33.1866881787798,1.294,2.02980703784767,7949.89697265625,54.733401867266,7.055,3.86131247123383,31.780260587362,73.2439193725586,9.66865454789265,18.5034095135383,98.1,18.0233,49.721475563319,33.8352462728864,1.305,3.7977120943899
RW,Rwanda,2004,2000,9,2,9,418.780997277457,33.4616731030871,11.731,33.895261824051,14.5850139685545,16.9020099536792,12.2507102894391,14.3572006203523,8.7,0.430854,42.4570134790914,1.68257159542131,5.64,0.324006427230548,446.029809636404,34.2165383418652,11.854,33.7756165293022,14.9498202744611,16.9072114459454,9.01408918092339,15.1471395794747,4.8,0.556041,42.5382621808924,2.30657081840271,5.5,0.271318643761601,474.364599463307,33.2214370724059,11.632,30.026108002825,15.8329921631119,16.9110139245047,8.88282654777923,14.6756752242305,11.4,,45.2049075365036,3.57048600884636,5.335,0.923071050017332
SA,Saudi Arabia,2004,2000,-3,-3,11,21545.894988606,75.0828366569341,5.822,3.86835593326895,56.7056209373966,80.7542316538166,0.51550789776726,19.1564729053276,100.0,10.2345,38.5165977348877,46.7524423286814,3.264,-0.129209725410009,21838.1915349374,81.9540759410158,6.051,3.1854016709851,61.7372362527229,80.9775503092999,0.47923167163102,19.3123659884739,100.0,12.705,34.2555195076907,52.3222435367749,3.161,1.33515850333851,21616.3355772516,89.9446046768984,6.254,2.91996194095464,62.5369910258018,81.2008588083072,2.20902314069639,20.452131823724,100.0,19.4596,33.7619580996266,51.934372943221,3.176,1.58553602335569
SB,Solomon Islands,2004,2000,5,-1,9,1664.57315979072,62.8118976683083,2.031,35.5410591975308,9.67379284707701,17.172863006512,6.98584202682567,9.91933482221827,16.3,0.649673,37.9918338630721,11.0396651165432,4.466,-0.642148336511867,1755.74082446273,66.5710765635257,1.885,31.2455081849074,8.5987215506694,17.6001415877737,7.33066341633299,12.6024533088224,19.2,0.844308,45.2170056105181,1.49444943944652,4.411,0.099144118861877,1796.71439810674,69.7893991429226,1.92,30.6960544230665,9.32536931430012,18.0540134013038,11.2199870214146,11.6455348040394,14.4,1.64635,46.639658133248,3.22634079575371,4.39,7.17813029275399
SC,Seychelles,2004,2000,0,7,6,10412.0868936027,149.54093675029,,3.22710437515749,21.2664381340441,42.9237756892027,3.85730391367399,17.4160642655973,95.2,24.2721,57.092652626233,25.6561306949032,2.01,4.25692407405115,11297.3118190493,171.101735954764,,3.03800915305174,23.5711088030511,42.8510349075107,0.907187718073944,23.8691409523337,95.5,25.4133,57.1255555460939,26.7796988074586,2.2,8.25542388019619,12105.4475265558,177.56693551462,,2.78226337941348,23.3438748508432,42.7880431397027,-0.353465498693756,30.3222238580205,99.0,34.952,59.8814589396797,18.9173655907097,2.11,12.997071189638
SD,Sudan,2004,2000,6,-3,8,1255.67114257813,30.4323376195052,15.539,34.0060768565709,21.4151752034683,32.4459598296403,9.65754628605945,23.6117319230397,30.2,0.791562,19.6136870640777,36.9158213269421,5.455,5.67090591014718,1290.24438476563,35.8715914021946,15.546,33.199920468691,21.9763462611458,32.4603150404146,8.50585075933117,21.2067763046123,30.5,1.29204,17.9950722184399,35.0968345957974,5.397,4.4387993666553,1336.1240234375,36.2025936172703,15.542,31.8201079594306,22.9778613068907,32.4702930558327,7.19912990114709,22.8891769937744,30.8,,19.855472715377,34.2031344369897,5.332,4.06910716037147
SE,Sweden,2004,2000,-3,2,3,45114.6701230708,78.7358819187356,6.693,1.68061695988586,24.7464778664862,84.2670710494849,0.373659828721813,21.3471687403972,100.0,83.89,62.428334747589,27.8648231095271,1.75,4.38300602347958,46189.6828420555,84.167923018031,7.81,1.1603186332537,24.5818510778658,84.3499984741211,0.453170852576182,21.5097260897802,100.0,84.83,62.7686123629074,27.7726248297392,1.77,5.30592267942897,48078.3520110084,88.3302608918239,7.066,1.24032116770527,24.8427345125051,84.4553200620359,1.3602146862768,22.5576014619411,100.0,87.76,62.575737794944,29.3213566387672,1.85,5.21921287841886
SG,Singapore,2004,2000,-3,6,1,39856.6356222613,401.523712538509,5.84,0.0556489896262466,31.8858938554669,100.0,1.66272719863072,24.2814234209213,100.0,62.0,63.0725751287076,47.6829036223275,1.26,21.2027237505542,41798.4880834671,420.430512920559,5.59,0.0550481142142599,31.4076522049802,100.0,0.425106276569107,23.187995656323,100.0,61.0,64.0731843759255,50.2549794803571,1.26,15.1133588478775,44159.4101820552,425.363399543019,4.48,0.0488654244516825,30.8942965496098,100.0,0.965657519018511,23.0867111452125,100.0,59.0,64.8768540490551,51.9869680909625,1.28,26.3271523046735
SI,Slovenia,2004,2000,1,-1,12,18425.2601213581,112.399933466762,6.012,2.40213653237473,30.2634915340612,50.7124410611224,3.59297594249509,26.2122139693469,100.0,40.81,54.981322445475,27.5892083846613,1.25,2.23412471685355,19102.2776603905,121.127284217914,6.506,2.42413132120213,29.8114014464119,50.648781400021,2.45150132316475,26.7841476169297,100.0,46.81,55.5385754578261,28.0539751694958,1.26,2.70057223244549,20166.5323431214,130.517913086158,5.95,2.09205852541218,30.1134067265623,50.5672552816963,2.45792444195865,27.9014994356825,100.0,54.01,55.6205607130212,30.5263203303846,1.31,1.76264658794015
SK,Slovak Republic,2004,2000,1,7,6,10718.2101858841,140.222460021585,18.206,1.50647353218952,32.1708840398951,55.5843833415875,7.54850088183423,24.721622234297,100.0,52.89,54.8778447629321,26.0618666632577,1.25,7.10209742938173,11412.1593630008,148.705461161746,16.276,1.47125970663954,32.0563158138445,55.4189847597721,2.70908494588384,27.0979138790485,99.9,55.19,54.8097720625407,27.1309694808821,1.27,6.27282057947455,12430.2015488557,164.992205726236,13.395,1.69161295680886,34.2253304669146,55.2464278407442,4.48333120449611,26.3756839954384,99.9,56.08,53.6189033144475,26.8347085115528,1.25,8.05836126241016
SL,Sierra Leone,2004,2000,8,-1,10,829.759768928304,46.1719991766037,3.42,49.1070997045261,11.9277477569509,36.5491283814755,,9.99271197361333,16.8,0.203008,37.1364563850909,-2.37887620972725,5.919,2.73329141184343,842.906030904902,47.547983989225,3.716,50.1028757149925,11.4194355058338,36.8485519672439,,10.9919362832176,11.3,0.215392,36.9336543211186,-0.485959027829048,5.807,3.56470945553037,859.824260714965,22.0888664739674,3.889,27.5403133675948,25.2475228320461,37.1703805343647,,10.3480655166595,12.2,0.227669,44.5914531432815,24.7623227473726,5.737,1.80375615409317
SN,Senegal,2004,2000,5,1,9,1098.20064546027,53.6592031275529,2.788,14.2017995388,25.0673709569857,41.6248193895895,0.514781781023016,17.4976895109659,36.8,4.38602,50.6690012194278,8.17779230810185,5.192,1.36534663159615,1119.0505307548,54.9032435689485,2.703,15.1803964143562,23.6818582271971,41.9057599695838,1.71133325855502,18.2940175082513,47.1,4.78668,49.6862123536231,9.28291082101423,5.133,1.52551294776184,1118.7830430051,54.1362378092613,2.77,13.3951515867003,23.4152166861911,42.2046413043069,2.11228583877117,21.2140610383753,49.9,5.61174,51.9152517286897,6.7847567402376,5.064,2.47770837743402
SR,Suriname,2004,2000,1,-2,12,7021.98919924338,,9.49,5.22488058560067,31.0288898927889,66.743604713168,9.98632511974878,,95.0,6.07605,41.429359737711,,2.738,-2.51332036478539,7261.8171350196,,9.263,4.91937130026536,33.8436415595019,66.7321826490881,9.89800489561465,,94.9,6.40309,41.3553786487038,,2.712,1.56127119820371,7599.35696921481,98.1681931723564,9.096,9.99167360532889,36.9830696641688,66.6967982269052,11.2813043273975,38.0238689980572,91.0,9.49963,45.4066056064391,47.5020815986678,2.727,-6.22149014709964
SV,El Salvador,2004,2000,2,2,5,3081.23629665234,69.7822641767691,6.8,5.72792591262587,25.6039214354494,60.1425374326239,4.45194392395045,16.6858634096008,87.4,3.2,60.4952014311542,0.170897800857861,2.516,2.64681242347754,3163.36118376833,69.7158116750578,7.22,6.17165600762008,24.4712886106953,61.0308213239291,4.69094870903769,16.2928289563206,87.5,4.2,60.5376922030208,-0.578037828275956,2.44,3.47761600217717,3302.34817354347,73.4555675070266,6.57,6.04616656739515,24.4717932435785,61.9068679391763,4.03712359429612,16.8883036070873,89.2,5.5,60.2821644398805,-1.50076031772718,2.395,1.50707286112592
SY,Syrian Arab Republic,2004,2000,5,4,13,1363.61946683869,78.1149285929097,9.513,22.4332637930177,30.0234984698763,53.5,4.43314136719839,21.6672152537195,92.3,4.32159,47.543237737106,24.4504065464195,3.679,1.09618743838262,1411.63184941498,80.1330024866606,8.809,20.2931020061894,31.1872111563835,53.8227202374695,7.24034939348535,23.0170109888359,92.0,5.64811,48.5196868374271,24.9687673837224,3.605,1.73256383601582,1420.72293121298,74.2052265865927,8.17,21.4567969026949,34.9830051366887,54.059770380523,10.0241105377571,21.5198180727107,99.5,7.83255,43.5601979606164,25.3374644637061,3.562,1.95248910452015
SZ,Eswatini,2004,2000,3,-6,7,2522.14342097167,,26.69,7.93542577068212,41.0771172653395,22.3077107838089,3.44533507316614,,31.4,3.22869,46.7013574264685,,3.76,2.56728759984033,2658.75180508187,,27.204,9.04728048608606,41.0212746530708,22.2102447619336,4.77400404553712,,34.2,3.69696,45.8925845414106,,3.704,-1.48002383468155,2823.48728215402,,27.69,9.20239622112456,40.8003700979418,22.1505527018245,5.30463946338728,,35.2,3.69654,46.1550782944538,,3.632,3.764215946629
TD,Chad,2004,2000,6,-3,8,845.518131173419,101.768590921564,0.685,29.7742610425581,39.0982018059117,21.7377792120134,-5.35540028884816,22.7403576794121,3.5,0.36092,28.6879271461279,24.5329971059108,7.16,10.5541199124918,952.871910097036,77.577493649797,0.678,29.2819873014385,39.9644961738127,21.7519046977973,7.89036567462993,22.1110832933166,4.8,0.399258,29.1810706375521,30.7170482269363,7.134,-1.1476866334562,914.210664598894,77.0815766029615,0.724,32.1335493075332,39.4591190324475,21.7629797848529,8.03628897951331,22.1188429771612,5.1,0.581046,27.0031286995248,30.1739970671045,7.118,-2.86740171976294
TG,Togo,2004,2000,7,2,9,678.28759996017,57.8710938708872,4.015,15.4058695261762,28.0385993487176,34.9007435603688,0.393078681031669,13.5656266178672,24.8,1.5,49.640805026636,24.8417937732744,4.995,2.50559738999836,630.248678309054,61.4542800128481,4.157,17.3325641240129,24.4297143100711,35.3487650305291,6.78292893028314,14.4880526959843,26.5,1.8,51.4590483352783,14.0224052378481,5.038,2.97971035930976,629.079905835563,61.6128604620733,4.229,16.9609148487036,25.0511547993418,35.795057579151,2.22897779414027,16.2029591948916,27.9,2.0,50.5916665209396,7.50635472120371,5.076,2.75216144371014
TH,Thailand,2004,2000,2,-2,13,4232.77157261934,127.411873720393,1.51,9.29111013904814,37.9023024950671,36.785516284484,2.7591492623108,24.8641915872839,92.2,10.6773,52.8065873658848,31.0114545254276,1.665,3.38947495269123,4372.25730206261,137.853866832247,1.35,9.19435528237181,38.5052107116361,38.1301594392881,4.54036919634535,27.7126228148178,92.8,15.026,52.3004340059921,30.5064961689092,1.644,4.33958708070528,4551.5250018314,134.086946191268,1.22,9.40199346621521,39.146855883906,39.4424037014582,4.63747436011765,26.8466322343858,99.1,17.1607,51.4511506498788,32.0465788099103,1.631,4.0212567065949
TJ,Tajikistan,2004,2000,4,-2,13,590.957111385699,128.338170674363,3.616,19.222350137013,30.916284273507,26.5327772632159,7.14196508692253,10.3773126003275,98.5,0.0774799,39.3300147552414,4.48332333436025,3.507,13.1022122444311,618.333702588577,126.994699303416,3.375,21.1916853994949,27.3665806344184,26.5324878262051,7.09193244083773,11.1189742735825,99.3,0.29869,40.6321982627036,-3.14433991063747,3.398,2.35601238535648,649.163328755334,141.153912074728,3.13,21.4510669294712,27.3641700231382,26.5321180842215,10.0108651886461,15.482260690719,98.6,3.77241,40.8678978490016,2.92013025966235,3.341,11.9647283955266
TL,Timor-Leste,2004,2000,8,5,15,955.470489028291,107.330836147183,3.656,30.7884120856639,5.49680073339855,25.7040830077802,3.23751394003321,16.6516507524375,30.4,,60.1709626473106,-75.2888890638249,5.741,0.0,964.026656178075,74.6712693208544,3.563,28.912519189315,5.29247593737281,26.3097308948751,1.11167400387198,15.6375433517852,33.5,0.0990318,63.1631179960321,-44.6075413799953,5.611,0.196422873807942,897.573801807644,98.8757187138751,3.581,32.2042820006634,5.03931378115436,27.121697883382,3.93616259929866,11.9644511315993,36.7,0.5,63.0790873311866,-68.279881157017,5.474,1.86827372807191
TM,Turkmenistan,2004,2000,0,-3,12,2364.26725156856,59.3199674884855,8.44,18.3554592251422,37.8718504470333,46.7375427392139,,23.0536196152804,99.5,0.754054,38.1901923597941,23.9507680845299,2.674,5.17229951232728,2622.61796328876,53.9723419741336,7.485,18.5319970886289,37.0639941772577,46.7728683922582,,22.9195946475561,99.5,0.997257,42.9404848552713,38.7637954201892,2.706,5.16047701696434,2856.77457038028,52.4473010022922,6.58,17.1978740617556,35.7901703447346,46.8060040482349,,19.5019564924266,99.8,1.31957,45.6114432109308,56.0254191199605,2.724,7.11222302125938
TN,Tunisia,2004,2000,3,6,14,3218.72320748457,86.9253446966283,14.23,9.90254515493647,25.5797726482743,64.9272741461338,3.63228004956625,22.1288154794856,99.0,8.52882,55.8026185357313,20.7724294192618,1.95,1.89888949723214,3301.93817216029,90.2512478803945,12.872,9.16983114804996,26.4335697738291,65.2340901739004,2.01778641357144,21.4499295455088,99.2,9.65509,56.3292015953763,21.2927802058704,1.953,2.20844919497596,3444.5513526091,93.9409304094309,12.51,9.28070949947767,27.1847312495356,65.5209809651521,3.22525337438917,22.5836061561056,99.4,12.9864,56.5741910385915,21.5656020386308,1.952,9.42473369729129
TO,Tonga,2004,2000,9,4,15,3928.06014016386,73.9737151214869,3.942,20.2479896638834,16.5603761993835,23.1191794451059,10.9734053679554,19.7063691847424,88.3,3.95237,49.6719952820383,-11.6595786341433,4.186,2.39886931834874,3880.07037654517,76.2080494394572,2.571,17.7608711887512,16.6647322768346,23.1473956500293,8.66569221131751,21.6534087068824,89.0,4.90778,51.3193096967317,-16.5103029412118,4.195,2.29371409620501,3775.24832512712,66.3549884749532,1.09,15.7717863584054,15.3239515886713,23.1801421282521,6.14911606456571,20.5220100117669,92.3,5.85394,53.5471797873232,-14.8569027296952,4.141,3.75983551599556
TR,Turkiye,2004,2000,0,-1,12,7061.62219794984,48.9934575435266,10.838,9.30334217653319,25.1592284848331,62.4388481173262,8.59826168115272,25.6417207426795,99.7,14.58,53.0924442854082,23.8831932109771,2.197,0.679008638958041,7623.14640948457,46.3088308846211,10.636,9.1349746278064,25.2941440738888,63.3302470273874,8.17916036802002,26.8770342277655,99.7,15.46,53.0676190740982,25.4962364787464,2.197,1.97338571270823,8078.5153787571,48.9456766641314,10.227,8.06197674009426,26.0949736856779,64.2873893939536,9.59724212288432,29.0425348290191,99.7,18.24,53.4630321736613,26.5634089122095,2.193,3.60660172381881
TT,Trinidad and Tobago,2004,2000,-2,-2,11,13657.2534995604,,8.33,0.761483945963904,54.3682801507327,55.5711241312409,3.72154938995965,16.000008989575,96.8,27.0243,44.6881097437752,,1.627,7.51564800520554,15075.4179709902,,7.95,0.483999190377517,59.6470153480265,55.3898955519853,6.87453459583516,10.937309018096,95.0,28.9767,39.7489177075892,,1.625,5.87959659171048,17021.2241679562,,6.27,0.566876991369423,60.8194415532707,55.1782455797922,8.32960351465347,15.6497022950138,100.0,30.0037,38.0397488161066,,1.624,4.80528416565147
TZ,Tanzania,2004,2000,6,-4,8,650.516540527344,33.609786736665,3.108,25.7058139887433,23.1054997824457,24.0832469119457,4.73580143949058,25.6740520256466,11.4,0.877575,45.0959930932601,22.9405686407586,5.597,2.65421873789577,680.051208496094,36.9592732894013,3.194,24.6488410843814,22.9395155844488,24.7061884538741,5.03457009267163,28.5449716514674,13.8,1.1,45.078966625744,24.403358736173,5.579,5.08562696835774,704.502746582031,42.7681664691467,3.299,23.6693107278646,22.84522243779,25.3741033202009,7.25097262082546,31.5031858875853,14.9,1.3,45.5521443499129,24.3857808806323,5.511,2.16456512450246
UA,Ukraine,2004,2000,3,5,14,2042.44494628906,109.981708544962,8.59,10.4370371199069,29.3717696283534,67.5970968423685,9.04806786050888,22.424372944309,99.4,3.48948,51.2225068802721,28.5078200165574,1.215,2.55131815944331,2122.6015625,94.6475701087848,7.18,8.87530749467009,30.1861914393484,67.8136046317755,13.5695764909248,21.8700049199147,99.9,3.74976,49.3819493795441,23.3184278139179,1.221,8.7495509827803,2298.13232421875,89.181052639031,6.81,7.23906141043294,30.5434517130428,68.0293347798948,9.05252491133248,24.3894884764733,99.5,4.50612,49.823191473546,21.7989515378271,1.297,5.00872538573992
UG,Uganda,2004,2000,7,0,9,585.339489080616,35.4600862456436,2.705,21.6703526422179,20.8640088141741,13.1221118400615,3.72128743978228,19.9444298032441,11.6,0.719971,52.0323458233141,10.2274340919268,6.612,3.72085072270846,604.404813057618,38.9942854839061,1.9,25.0749361336647,23.5101064935397,13.7907239496723,8.44872642299532,22.2017167509714,8.9,1.74221,45.3122507865985,11.8736894388593,6.525,4.11082611076276,650.270540867444,43.6332857896204,2.272,24.0349329838703,22.7661611506903,14.5851520274647,7.31067613561864,20.9249602485175,9.0,2.52936,47.119794496076,8.25332077859658,6.429,6.45705802026041
US,United States,2004,2000,-3,3,3,51098.5573007417,24.4480622643257,5.529,1.26548363027696,20.9500365551967,79.9960936968363,2.67723669309172,22.1277420778003,100.0,64.7583,74.1637865273611,17.4615655447704,2.0515,1.74869134454691,52393.4513113092,25.6385530316517,5.084,1.1505065593333,21.206269818199,80.1961581748464,3.3927468454955,22.9346369798954,100.0,67.9681,74.0256826905582,17.7012879306199,2.057,1.09166213272067,53335.5896950225,26.9752780973197,4.623,1.00948718664602,21.5869617861711,80.3713066436159,3.22594410070404,23.038167049868,100.0,68.9312,73.7013684205001,17.8450467380027,2.108,2.16033528740671
UY,Uruguay,2004,2000,2,5,5,10366.9067382871,61.4766880860242,12.98,10.9967908719866,22.4348058065943,91.8009434091917,9.15760507540997,14.3674894654533,98.0,17.0631,56.273519277708,20.2163659211511,2.093,2.57711736584849,11131.3984890038,58.8776963255774,12.009,8.74583674336276,23.7753368710773,92.0812710048572,4.6992773903564,16.5474574137668,98.0,20.0882,56.7126964200122,19.6292014318331,2.097,4.76089085880271,11574.470540231,61.9715745165876,10.844,8.91384522998833,22.8965222038345,92.4845482788191,6.39764974385131,18.2369877479984,98.5,29.4,56.7931196789588,18.0840076961425,2.07,7.64053554410063
UZ,Uzbekistan,2004,2000,5,4,13,1466.6134889113,76.5956691950086,8.162,26.4440094608923,22.3056846912976,50.5696510233382,,21.4419704754914,99.5,2.59373,37.1821221760052,31.4840959138733,2.496,1.46799380148438,1549.04577531643,69.5252584247083,7.092,26.3310599495083,26.0120326061017,51.0781236333777,,19.8776643179221,99.4,3.34351,37.0429682103068,34.0928005325496,2.438,1.49216056466347,1643.14645619601,67.4712921717973,6.03,25.0794086599227,26.8384702412792,51.4638817209862,,21.6289781253402,99.5,6.38832,37.9585228805817,35.1661641001851,2.461,1.19530557570436
VC,St. Vincent and the Grenadines,2004,2000,6,7,15,6071.94945269221,,19.523,5.85289384167699,16.1819535599222,45.3517185236482,2.96003946719286,,84.9,7.37117,66.5643158808955,,2.087,15.120110354189,6244.35953746008,,19.449,6.59730508835995,15.803460598478,45.4681221654846,3.7334291646702,,86.2,9.19828,66.6896146218751,,2.068,6.88174169420403,6707.27875985734,,19.15,6.14814293404524,15.9185016274684,45.5853616874371,2.74067516070673,,87.5,12.0,65.8173219179269,,2.033,18.6436807370603
VE,"Venezuela, RB",2004,2000,-1,-3,11,3580.85417271298,55.3674556023219,15.07,3.71881718358774,51.1134764353283,88.5835546444319,,18.3371952452711,99.1,8.40447,37.2753593066702,38.8277159722558,2.639,1.32412757366554,3884.70081071301,60.1273297561422,10.663,3.69518323245945,53.0883974696502,88.638673298371,,20.2684776056469,98.8,12.553,35.0708629047267,42.194009299614,2.629,1.68369269808689,4199.39766916963,58.6655915584603,8.606,3.6568046342889,51.9276623968995,88.6870816028803,,22.3339760255626,99.3,15.2247,36.3493328091066,41.293564500806,2.595,0.107915126446007
VN,Viet Nam,2004,2000,3,-2,13,1510.94449049599,133.016497868747,2.14,21.8076993514673,40.2087495299221,26.8021001307977,7.75494748709601,33.2539734687344,91.0,7.64241,37.9835511186106,28.5312460244343,1.968,3.54408107288199,1609.96268313651,130.714846045026,2.078,19.2999788840494,38.1311399002846,27.4285898187702,8.28457243128677,31.2735981689298,96.1,12.7399,42.5688812156661,29.0461388991916,1.887,3.39040363930871,1699.67620343393,138.313621869598,2.046,18.7267854535521,38.5847310338981,28.0458290558422,7.41801715108463,31.363976770146,96.0,17.2546,42.6884835125499,29.3789829167314,1.873,3.61600090432522
VU,Vanuatu,2004,2000,4,0,13,2555.73432279339,98.7059775016543,8.447,23.5987549935054,7.59748057740852,22.7291073078871,1.41891891891893,22.5620665147171,29.2,4.7466,61.1572678479524,17.1359949023356,4.214,5.4358941630547,2626.85057870874,100.173820339297,8.126,22.2744970798183,7.84740891814221,23.0020186653551,1.19920053297801,23.4147585056086,31.0,5.08233,62.2740335589135,19.6046166682117,4.133,3.35516527658254,2780.97475852227,89.5414618090556,8.006,20.9849622513423,8.09487564543005,23.2888338847199,2.04081632653062,27.5164057517846,26.4,5.85059,63.4547736109111,22.8960523338339,4.1,9.88873620776164
WS,Samoa,2004,2000,3,1,13,3535.73813824914,72.5293703149674,5.162,11.7403681062885,32.3616645013541,21.5282844040566,16.3131507905901,,90.5,3.07553,57.2514772798365,,4.343,0.60844907406956,3755.78242822467,76.2247442670718,5.212,12.4865750417539,31.5654807150702,21.2352904191687,1.85676392572949,,91.1,3.35259,57.3038776007507,,4.322,0.78935616966683,3820.92239453139,82.4691938417408,5.321,10.9860021831847,31.3319535429466,20.9567957063672,3.70008680555553,,96.4,4.46917,59.0149500002915,,4.322,4.3862032048739
YE,"Yemen, Rep.",2004,2000,3,-5,7,2185.78999159086,71.8466740069203,12.132,12.4153666524933,47.8015521496085,28.4506523754813,12.5150951495207,20.2796968195702,49.6,0.881223,35.7830812017991,21.2031254266644,5.712,1.03534601615477,2237.63762643152,76.773285677642,12.215,11.0932421339435,51.5233832621526,28.8523786558834,11.8112639374949,18.5296186599287,54.8,1.0486,33.3833746039038,23.5942890465049,5.563,-1.80531053584597,2234.74266863312,82.0761626564135,12.35,10.70558242967,51.9588106170624,29.2379493450977,10.8447986914257,16.3837695995646,55.8,1.24782,33.3356069529484,16.8307923739186,5.412,5.88029989730047
ZA,South Africa,2004,2000,4,7,14,5187.35683424034,45.6435752240041,22.538,2.411716114862,26.3036366679746,59.0977390950102,-0.692039437857687,15.1672389589002,80.6,8.42512,62.5295022900426,19.3255563304109,2.436,0.274199790569949,5406.07581377638,47.4277813970329,22.461,2.08511798972012,26.0150792659507,59.8241758378997,2.06285308223427,15.8783049029154,80.8,7.48854,62.6447743317012,20.2579717753556,2.512,2.25781874505445,5650.9883176549,53.7681412741145,22.324,2.05097651238464,24.8591176319147,60.5276465215157,3.2439076541923,17.365539559823,80.7,7.60714,63.4994322880989,20.574156187312,2.548,0.205125538574008
ZM,Zambia,2004,2000,8,2,9,895.475258534826,70.8130749317722,15.33,15.5809428822284,25.6961251757115,36.8035881130253,17.9677891087286,,20.3,1.1,48.8099285446496,,5.698,5.85168864010044,929.079255855905,62.200282191364,15.9,14.5885513717285,26.8496240283076,37.2969823813059,18.324439701174,,23.3,1.3,48.9576146258726,,5.697,4.28403218909524,968.563565019492,57.8568188739027,13.229,13.2062710587766,30.3961173223662,37.8392213204204,9.01957247226486,,24.1,1.6,47.5154757432367,,5.679,4.82712872237458
ZW,Zimbabwe,2004,2000,7,3,9,1165.54447081543,76.0394249806318,4.39,18.0640440733408,24.3823706636825,32.6278168233873,,5.1088921408281,35.6,2.1,49.8321425497116,-2.59103038650254,3.776,0.149780494103469,1088.63148420699,76.043068640646,4.622,17.1493075153041,26.4793991229974,32.6482709722903,,2.00147614292537,36.1,2.4,48.6823253592671,-7.41978899839361,3.693,1.78526462032736,1038.22375658033,82.8200302932942,4.759,19.2316519025107,30.6513058245743,32.6640794641194,,2.22609813191353,37.2,2.4,44.9350530132648,-9.33584247487034,3.635,0.734382888878689
